date,temp_max,temp_min,rain,wind,humidity,pressure,demand,is_weekend,dayofweek,month,lag_1,lag_7,rolling_7
2023-01-08,16.6,10.1,0.0,17.3,95,947.9,93,0,6,1,122.0,92.0,108.42857142857143
2023-01-09,18.5,11.7,0.1,31.0,94,945.4,92,0,0,1,93.0,104.0,108.57142857142857
2023-01-10,16.9,8.6,4.2,28.2,90,947.0,107,0,1,1,92.0,108.0,106.85714285714286
2023-01-11,11.2,7.0,0.0,20.5,93,950.8,87,0,2,1,107.0,102.0,106.71428571428571
2023-01-12,13.1,8.2,0.6,12.5,87,949.3,102,0,3,1,87.0,103.0,104.57142857142857
2023-01-13,15.8,7.1,3.0,20.2,92,947.3,131,1,4,1,102.0,128.0,104.42857142857143
2023-01-14,17.0,9.4,0.7,28.7,93,946.0,120,1,5,1,131.0,122.0,104.85714285714286
2023-01-15,20.6,12.6,2.7,15.7,96,945.9,96,0,6,1,120.0,93.0,104.57142857142857
2023-01-16,19.8,11.2,0.0,25.9,100,944.7,87,0,0,1,96.0,92.0,105.0
2023-01-17,20.1,10.5,0.0,30.8,96,944.1,74,0,1,1,87.0,107.0,104.28571428571429
2023-01-18,15.2,7.8,0.0,22.3,94,948.7,91,0,2,1,74.0,87.0,99.57142857142857
2023-01-19,15.8,6.3,0.0,17.6,90,949.8,85,0,3,1,91.0,102.0,100.14285714285714
2023-01-20,16.2,5.9,0.0,10.2,93,948.0,107,1,4,1,85.0,131.0,97.71428571428571
2023-01-21,17.9,7.6,0.0,15.6,91,946.7,122,1,5,1,107.0,120.0,94.28571428571429
2023-01-22,19.5,8.7,0.0,21.9,86,945.2,88,0,6,1,122.0,96.0,94.57142857142857
2023-01-23,17.8,9.2,0.9,17.0,89,945.8,105,0,0,1,88.0,87.0,93.42857142857143
2023-01-24,18.3,9.9,0.0,22.7,96,945.4,82,0,1,1,105.0,74.0,96.0
2023-01-25,15.1,9.8,4.1,19.3,98,944.1,102,0,2,1,82.0,91.0,97.14285714285714
2023-01-26,17.4,10.4,1.7,18.7,100,944.7,105,0,3,1,102.0,85.0,98.71428571428571
2023-01-27,15.6,7.7,0.0,15.0,97,947.4,109,1,4,1,105.0,107.0,101.57142857142857
2023-01-28,15.4,5.9,0.0,10.0,92,947.9,116,1,5,1,109.0,122.0,101.85714285714286
2023-01-29,20.0,6.9,0.0,19.2,87,944.4,86,0,6,1,116.0,88.0,101.0
2023-01-30,22.4,9.2,0.0,19.7,82,942.3,88,0,0,1,86.0,105.0,100.71428571428571
2023-01-31,25.6,10.9,0.0,23.3,70,939.8,86,0,1,1,88.0,82.0,98.28571428571429
2023-02-01,22.7,14.1,0.0,27.8,83,940.8,99,0,2,2,86.0,102.0,98.85714285714286
2023-02-02,23.1,12.1,0.2,20.2,89,943.4,104,0,3,2,99.0,105.0,98.42857142857143
2023-02-03,17.9,8.8,0.0,20.6,88,948.3,109,1,4,2,104.0,109.0,98.28571428571429
2023-02-04,19.8,7.5,0.0,23.1,79,945.2,119,1,5,2,109.0,116.0,98.28571428571429
2023-02-05,25.1,10.8,0.0,25.2,62,942.6,83,0,6,2,119.0,86.0,98.71428571428571
2023-02-06,29.0,14.6,0.0,30.3,56,941.1,81,0,0,2,83.0,88.0,98.28571428571429
2023-02-07,25.3,14.6,0.0,26.7,49,941.3,80,0,1,2,81.0,86.0,97.28571428571429
2023-02-08,22.1,10.2,0.0,15.0,60,944.3,83,0,2,2,80.0,99.0,96.42857142857143
2023-02-09,18.0,8.8,0.0,17.5,59,948.9,90,0,3,2,83.0,104.0,94.14285714285714
2023-02-10,18.3,7.2,0.0,21.0,54,949.1,118,1,4,2,90.0,109.0,92.14285714285714
2023-02-11,22.9,10.0,0.0,31.0,43,946.4,105,1,5,2,118.0,119.0,93.42857142857143
2023-02-12,29.5,13.4,0.0,25.1,50,944.1,89,0,6,2,105.0,83.0,91.42857142857143
2023-02-13,24.2,12.6,0.0,23.1,68,945.1,88,0,0,2,89.0,81.0,92.28571428571429
2023-02-14,23.5,9.5,0.0,21.1,78,942.6,82,0,1,2,88.0,80.0,93.28571428571429
2023-02-15,28.4,11.9,0.0,20.4,62,939.5,86,0,2,2,82.0,83.0,93.57142857142857
2023-02-16,18.9,10.1,0.0,29.7,79,946.2,87,0,3,2,86.0,90.0,94.0
2023-02-17,17.6,8.7,0.0,27.6,57,950.7,120,1,4,2,87.0,118.0,93.57142857142857
2023-02-18,18.2,7.9,0.0,23.5,43,951.9,116,1,5,2,120.0,105.0,93.85714285714286
2023-02-19,19.6,7.7,0.0,15.8,38,951.3,81,0,6,2,116.0,89.0,95.42857142857143
2023-02-20,21.9,8.4,0.0,10.7,32,949.1,91,0,0,2,81.0,88.0,94.28571428571429
2023-02-21,27.2,10.5,0.0,16.1,28,945.2,88,0,1,2,91.0,82.0,94.71428571428571
2023-02-22,29.0,14.1,0.0,18.8,25,943.2,86,0,2,2,88.0,86.0,95.57142857142857
2023-02-23,30.2,15.4,0.0,25.3,23,939.8,83,0,3,2,86.0,87.0,95.57142857142857
2023-02-24,28.2,17.0,0.0,18.4,32,940.4,120,1,4,2,83.0,120.0,95.0
2023-02-25,28.9,15.1,0.0,23.9,41,943.0,119,1,5,2,120.0,116.0,95.0
2023-02-26,30.5,16.6,0.0,16.7,36,943.5,75,0,6,2,119.0,81.0,95.42857142857143
2023-02-27,31.0,17.6,0.0,28.8,56,944.9,78,0,0,2,75.0,91.0,94.57142857142857
2023-02-28,26.4,15.1,0.0,22.7,72,947.1,91,0,1,2,78.0,88.0,92.71428571428571
2023-03-01,25.0,16.4,0.1,17.4,51,946.9,109,0,2,3,91.0,86.0,93.14285714285714
2023-03-02,27.0,14.1,0.0,16.4,45,946.6,87,0,3,3,109.0,83.0,96.42857142857143
2023-03-03,28.8,14.6,0.0,24.5,40,947.5,114,1,4,3,87.0,120.0,97.0
2023-03-04,31.9,16.9,0.0,21.6,32,948.0,99,1,5,3,114.0,119.0,96.14285714285714
2023-03-05,32.7,17.9,0.0,21.4,31,948.2,74,0,6,3,99.0,75.0,93.28571428571429
2023-03-06,32.2,19.4,0.0,29.7,24,946.2,84,0,0,3,74.0,78.0,93.14285714285714
2023-03-07,32.2,19.9,0.0,33.1,25,943.4,76,0,1,3,84.0,91.0,94.0
2023-03-08,32.2,19.8,0.0,35.1,23,941.8,69,0,2,3,76.0,109.0,91.85714285714286
2023-03-09,34.0,19.1,0.0,29.9,35,940.3,85,0,3,3,69.0,87.0,86.14285714285714
2023-03-10,27.5,16.4,0.3,33.4,76,942.6,121,1,4,3,85.0,114.0,85.85714285714286
2023-03-11,25.6,14.8,0.0,22.7,84,944.8,111,1,5,3,121.0,99.0,86.85714285714286
2023-03-12,26.6,16.7,0.3,29.8,69,942.2,106,0,6,3,111.0,74.0,88.57142857142857
2023-03-13,25.4,16.6,1.9,25.7,92,940.7,112,0,0,3,106.0,84.0,93.14285714285714
2023-03-14,27.0,16.2,0.3,18.2,98,940.5,104,0,1,3,112.0,76.0,97.14285714285714
2023-03-15,29.1,18.4,0.1,27.7,93,939.1,112,0,2,3,104.0,69.0,101.14285714285714
2023-03-16,26.4,15.8,0.0,20.7,68,941.9,76,0,3,3,112.0,85.0,107.28571428571429
2023-03-17,26.4,14.1,0.0,16.3,78,943.4,119,1,4,3,76.0,121.0,106.0
2023-03-18,29.9,15.8,0.1,23.9,53,941.5,130,1,5,3,119.0,111.0,105.71428571428571
2023-03-19,29.9,17.4,0.0,36.4,66,939.4,78,0,6,3,130.0,106.0,108.42857142857143
2023-03-20,30.0,14.1,0.0,24.2,45,936.3,80,0,0,3,78.0,112.0,104.42857142857143
2023-03-21,25.1,14.1,0.0,26.6,41,936.9,80,0,1,3,80.0,104.0,99.85714285714286
2023-03-22,25.6,12.7,0.0,22.8,42,940.0,88,0,2,3,80.0,112.0,96.42857142857143
2023-03-23,26.3,13.1,0.0,12.4,42,942.2,91,0,3,3,88.0,76.0,93.0
2023-03-24,26.9,15.3,0.0,21.2,35,942.3,122,1,4,3,91.0,119.0,95.14285714285714
2023-03-25,31.4,15.6,0.0,33.2,38,940.0,92,1,5,3,122.0,130.0,95.57142857142857
2023-03-26,25.1,17.0,2.5,31.3,80,938.1,90,0,6,3,92.0,78.0,90.14285714285714
2023-03-27,27.1,13.6,0.0,20.0,94,939.7,87,0,0,3,90.0,80.0,91.85714285714286
2023-03-28,27.5,15.6,0.0,15.0,67,943.3,94,0,1,3,87.0,80.0,92.85714285714286
2023-03-29,27.8,14.7,0.0,14.7,40,944.6,91,0,2,3,94.0,88.0,94.85714285714286
2023-03-30,31.9,16.1,0.0,28.7,41,941.5,77,0,3,3,91.0,91.0,95.28571428571429
2023-03-31,33.6,19.5,0.0,37.0,30,938.6,97,1,4,3,77.0,122.0,93.28571428571429
2023-04-01,23.4,14.1,0.0,31.0,35,943.5,105,1,5,4,97.0,92.0,89.71428571428571
2023-04-02,23.5,12.9,0.0,21.2,24,944.4,94,0,6,4,105.0,90.0,91.57142857142857
2023-04-03,25.4,11.4,0.0,14.9,24,944.4,86,0,0,4,94.0,87.0,92.14285714285714
2023-04-04,28.5,14.3,0.0,12.2,25,944.5,88,0,1,4,86.0,94.0,92.0
2023-04-05,29.8,16.1,0.0,11.7,24,943.3,88,0,2,4,88.0,91.0,91.14285714285714
2023-04-06,33.3,17.5,0.0,14.8,22,940.8,72,0,3,4,88.0,77.0,90.71428571428571
2023-04-07,32.2,20.5,0.0,34.5,35,943.3,96,1,4,4,72.0,97.0,90.0
2023-04-08,28.4,19.9,0.9,26.2,47,946.8,131,1,5,4,96.0,105.0,89.85714285714286
2023-04-09,31.5,16.3,0.0,18.3,56,946.5,80,0,6,4,131.0,94.0,93.57142857142857
2023-04-10,31.4,18.0,0.0,31.7,47,943.1,68,0,0,4,80.0,86.0,91.57142857142857
2023-04-11,32.2,19.0,7.6,29.3,72,941.2,87,0,1,4,68.0,88.0,89.0
2023-04-12,34.8,22.5,0.3,36.6,50,939.6,82,0,2,4,87.0,88.0,88.85714285714286
2023-04-13,31.0,19.5,0.1,25.8,80,942.7,93,0,3,4,82.0,72.0,88.0
2023-04-14,26.1,16.0,6.3,22.1,77,946.4,125,1,4,4,93.0,96.0,91.0
2023-04-15,26.8,16.4,0.3,12.3,74,945.2,129,1,5,4,125.0,131.0,95.14285714285714
2023-04-16,27.6,15.4,2.5,19.8,84,941.9,107,0,6,4,129.0,80.0,94.85714285714286
2023-04-17,24.9,17.7,2.3,20.2,89,941.5,114,0,0,4,107.0,68.0,98.71428571428571
2023-04-18,28.6,16.1,0.1,27.4,89,943.1,105,0,1,4,114.0,87.0,105.28571428571429
2023-04-19,26.5,18.0,0.0,32.0,87,942.6,81,0,2,4,105.0,82.0,107.85714285714286
2023-04-20,28.1,17.0,0.0,15.3,94,939.3,89,0,3,4,81.0,93.0,107.71428571428571
2023-04-21,29.5,17.0,0.0,16.2,78,937.7,105,1,4,4,89.0,125.0,107.14285714285714
2023-04-22,31.0,18.2,0.7,20.1,77,938.7,119,1,5,4,105.0,129.0,104.28571428571429
2023-04-23,32.6,20.6,0.8,22.8,71,939.6,95,0,6,4,119.0,107.0,102.85714285714286
2023-04-24,34.6,21.4,0.0,28.7,42,939.1,92,0,0,4,95.0,114.0,101.14285714285714
2023-04-25,33.3,22.3,0.0,21.1,41,939.7,79,0,1,4,92.0,105.0,98.0
2023-04-26,30.5,20.0,2.5,27.4,69,940.5,96,0,2,4,79.0,81.0,94.28571428571429
2023-04-27,31.6,17.5,0.2,14.3,82,939.4,94,0,3,4,96.0,89.0,96.42857142857143
2023-04-28,35.0,19.4,0.0,32.6,58,938.7,89,1,4,4,94.0,105.0,97.14285714285714
2023-04-29,35.2,22.2,0.0,25.8,49,937.4,110,1,5,4,89.0,119.0,94.85714285714286
2023-04-30,35.7,20.2,0.0,17.6,62,937.5,83,0,6,4,110.0,95.0,93.57142857142857
2023-05-01,34.8,21.1,0.0,23.7,24,939.1,83,0,0,5,83.0,92.0,91.85714285714286
2023-05-02,33.2,20.6,0.0,17.7,32,942.6,75,0,1,5,83.0,79.0,90.57142857142857
2023-05-03,34.2,20.2,0.0,19.0,30,944.0,87,0,2,5,75.0,96.0,90.0
2023-05-04,34.7,21.1,0.0,23.3,24,943.2,72,0,3,5,87.0,94.0,88.71428571428571
2023-05-05,34.2,21.4,0.0,16.5,26,942.3,107,1,4,5,72.0,89.0,85.57142857142857
2023-05-06,36.8,22.6,0.0,20.9,22,940.7,115,1,5,5,107.0,110.0,88.14285714285714
2023-05-07,40.3,25.0,0.0,26.8,21,940.1,75,0,6,5,115.0,83.0,88.85714285714286
2023-05-08,41.0,25.8,0.0,22.5,22,938.4,77,0,0,5,75.0,83.0,87.71428571428571
2023-05-09,40.6,28.8,0.0,34.8,24,937.5,70,0,1,5,77.0,75.0,86.85714285714286
2023-05-10,40.2,26.4,0.0,25.0,23,939.1,77,0,2,5,70.0,87.0,86.14285714285714
2023-05-11,40.0,25.3,0.0,21.3,17,941.1,72,0,3,5,77.0,72.0,84.71428571428571
2023-05-12,40.9,25.1,0.0,19.8,19,941.7,105,1,4,5,72.0,107.0,84.71428571428571
2023-05-13,41.9,26.4,0.0,23.2,20,940.7,99,1,5,5,105.0,115.0,84.42857142857143
2023-05-14,37.9,27.8,0.0,26.8,16,940.6,82,0,6,5,99.0,75.0,82.14285714285714
2023-05-15,36.6,23.1,0.0,24.7,20,939.7,75,0,0,5,82.0,77.0,83.14285714285714
2023-05-16,38.0,24.2,0.0,32.0,23,939.4,77,0,1,5,75.0,70.0,82.85714285714286
2023-05-17,39.5,26.5,0.0,36.6,27,938.5,66,0,2,5,77.0,77.0,83.85714285714286
2023-05-18,40.4,27.8,0.0,37.1,28,939.6,68,0,3,5,66.0,72.0,82.28571428571429
2023-05-19,38.9,25.9,0.1,37.4,39,939.7,114,1,4,5,68.0,105.0,81.71428571428571
2023-05-20,38.0,26.5,0.0,29.3,36,937.9,98,1,5,5,114.0,99.0,83.0
2023-05-21,37.5,27.4,0.0,23.5,36,938.5,81,0,6,5,98.0,82.0,82.85714285714286
2023-05-22,38.8,25.0,0.0,17.7,35,940.3,86,0,0,5,81.0,75.0,82.71428571428571
2023-05-23,39.5,26.4,0.0,22.8,26,941.5,71,0,1,5,86.0,77.0,84.28571428571429
2023-05-24,38.8,26.4,0.0,21.9,28,941.3,80,0,2,5,71.0,66.0,83.42857142857143
2023-05-25,38.3,26.6,0.0,20.9,31,940.8,81,0,3,5,80.0,68.0,85.42857142857143
2023-05-26,39.8,27.3,0.0,16.7,28,940.2,108,1,4,5,81.0,114.0,87.28571428571429
2023-05-27,41.0,26.0,0.0,24.0,32,939.6,98,1,5,5,108.0,98.0,86.42857142857143
2023-05-28,40.0,26.7,0.0,23.2,31,939.4,73,0,6,5,98.0,81.0,86.42857142857143
2023-05-29,39.2,29.2,0.0,37.2,26,940.5,72,0,0,5,73.0,86.0,85.28571428571429
2023-05-30,37.2,27.8,0.0,28.5,42,942.2,81,0,1,5,72.0,71.0,83.28571428571429
2023-05-31,36.8,24.9,0.0,31.9,61,941.6,71,0,2,5,81.0,80.0,84.71428571428571
2023-06-01,39.2,26.4,0.0,12.7,51,940.7,81,0,3,6,71.0,81.0,83.42857142857143
2023-06-02,39.2,27.8,0.0,22.6,40,942.0,101,1,4,6,81.0,108.0,83.42857142857143
2023-06-03,39.5,26.0,0.0,23.4,17,941.8,106,1,5,6,101.0,98.0,82.42857142857143
2023-06-04,39.9,26.5,0.0,23.7,21,940.3,81,0,6,6,106.0,73.0,83.57142857142857
2023-06-05,40.1,26.9,0.0,18.4,24,939.3,76,0,0,6,81.0,72.0,84.71428571428571
2023-06-06,40.2,28.2,0.0,21.8,20,939.8,89,0,1,6,76.0,81.0,85.28571428571429
2023-06-07,41.0,29.0,0.0,15.1,25,938.9,82,0,2,6,89.0,71.0,86.42857142857143
2023-06-08,41.6,27.7,0.0,26.8,25,938.1,74,0,3,6,82.0,81.0,88.0
2023-06-09,40.8,28.6,0.0,31.3,16,937.7,98,1,4,6,74.0,101.0,87.0
2023-06-10,42.3,26.0,0.0,24.0,20,936.3,80,1,5,6,98.0,106.0,86.57142857142857
2023-06-11,43.1,27.6,0.0,20.4,19,935.1,63,0,6,6,80.0,81.0,82.85714285714286
2023-06-12,43.4,31.5,0.0,24.5,16,934.4,65,0,0,6,63.0,76.0,80.28571428571429
2023-06-13,42.5,30.8,0.0,26.4,18,934.6,55,0,1,6,65.0,89.0,78.71428571428571
2023-06-14,40.6,29.6,0.0,31.6,20,937.2,74,0,2,6,55.0,82.0,73.85714285714286
2023-06-15,43.2,27.5,0.0,36.7,21,935.6,52,0,3,6,74.0,74.0,72.71428571428571
2023-06-16,41.0,29.3,0.0,27.6,15,935.2,109,1,4,6,52.0,98.0,69.57142857142857
2023-06-17,40.2,26.5,0.0,26.0,20,935.9,114,1,5,6,109.0,80.0,71.14285714285714
2023-06-18,40.6,27.1,0.0,32.2,20,936.9,68,0,6,6,114.0,63.0,76.0
2023-06-19,41.8,27.4,0.0,28.5,20,936.8,76,0,0,6,68.0,65.0,76.71428571428571
2023-06-20,41.8,26.9,0.0,27.1,19,936.2,75,0,1,6,76.0,55.0,78.28571428571429
2023-06-21,42.3,27.6,0.0,24.0,20,936.2,55,0,2,6,75.0,74.0,81.14285714285714
2023-06-22,41.3,28.2,0.0,18.9,19,936.3,79,0,3,6,55.0,52.0,78.42857142857143
2023-06-23,43.1,28.6,0.0,21.0,20,936.2,86,1,4,6,79.0,109.0,82.28571428571429
2023-06-24,44.7,29.6,0.0,27.7,15,934.9,86,1,5,6,86.0,114.0,79.0
2023-06-25,43.8,29.8,0.0,27.9,16,934.1,64,0,6,6,86.0,68.0,75.0
2023-06-26,42.5,28.3,0.0,32.4,16,934.0,50,0,0,6,64.0,76.0,74.42857142857143
2023-06-27,43.0,27.8,0.0,27.0,16,934.1,67,0,1,6,50.0,75.0,70.71428571428571
2023-06-28,42.7,26.9,0.0,16.8,19,935.8,58,0,2,6,67.0,55.0,69.57142857142857
2023-06-29,43.2,27.7,0.0,24.6,15,935.8,73,0,3,6,58.0,79.0,70.0
2023-06-30,43.0,29.0,0.0,17.4,13,934.8,88,1,4,6,73.0,86.0,69.14285714285714
2023-07-01,44.1,28.1,0.0,16.2,17,934.2,80,1,5,7,88.0,86.0,69.42857142857143
2023-07-02,44.0,29.6,0.0,33.3,17,935.4,44,0,6,7,80.0,64.0,68.57142857142857
2023-07-03,42.8,29.1,0.0,19.1,20,936.8,62,0,0,7,44.0,50.0,65.71428571428571
2023-07-04,42.3,29.8,0.0,23.3,18,935.7,58,0,1,7,62.0,67.0,67.42857142857143
2023-07-05,42.0,28.7,0.0,28.1,17,933.8,83,0,2,7,58.0,58.0,66.14285714285714
2023-07-06,42.7,29.0,0.0,23.3,13,933.1,62,0,3,7,83.0,73.0,69.71428571428571
2023-07-07,43.3,28.0,0.0,29.4,14,934.4,84,1,4,7,62.0,88.0,68.14285714285714
2023-07-08,44.2,27.7,0.0,22.4,16,934.3,80,1,5,7,84.0,80.0,67.57142857142857
2023-07-09,44.5,29.3,0.0,21.0,16,933.8,52,0,6,7,80.0,44.0,67.57142857142857
2023-07-10,45.2,29.1,0.0,16.6,17,933.1,57,0,0,7,52.0,62.0,68.71428571428571
2023-07-11,45.0,30.5,0.0,14.8,15,934.5,64,0,1,7,57.0,58.0,68.0
2023-07-12,43.8,29.9,0.0,26.8,17,936.3,61,0,2,7,64.0,83.0,68.85714285714286
2023-07-13,42.5,30.4,0.0,33.3,19,936.7,43,0,3,7,61.0,62.0,65.71428571428571
2023-07-14,42.3,28.9,0.0,24.7,14,934.8,85,1,4,7,43.0,84.0,63.0
2023-07-15,44.5,30.2,0.0,28.1,10,934.3,86,1,5,7,85.0,80.0,63.142857142857146
2023-07-16,44.7,30.2,0.0,22.0,11,934.6,55,0,6,7,86.0,52.0,64.0
2023-07-17,44.8,28.4,0.0,20.1,12,934.5,60,0,0,7,55.0,57.0,64.42857142857143
2023-07-18,46.0,29.7,0.0,26.8,13,933.1,60,0,1,7,60.0,64.0,64.85714285714286
2023-07-19,44.8,29.5,0.0,28.1,17,932.8,54,0,2,7,60.0,61.0,64.28571428571429
2023-07-20,45.6,30.9,0.0,34.6,14,933.3,51,0,3,7,54.0,43.0,63.285714285714285
2023-07-21,45.5,30.0,0.0,21.9,15,934.1,87,1,4,7,51.0,85.0,64.42857142857143
2023-07-22,44.0,29.2,0.0,18.0,14,935.7,90,1,5,7,87.0,86.0,64.71428571428571
2023-07-23,44.2,29.4,0.0,24.5,13,935.5,65,0,6,7,90.0,55.0,65.28571428571429
2023-07-24,44.3,29.0,0.0,23.1,13,933.3,53,0,0,7,65.0,60.0,66.71428571428571
2023-07-25,44.5,29.2,0.0,25.0,15,932.3,55,0,1,7,53.0,60.0,65.71428571428571
2023-07-26,44.7,29.6,0.0,17.4,14,933.8,62,0,2,7,55.0,54.0,65.0
2023-07-27,44.2,29.3,0.0,20.8,19,935.2,62,0,3,7,62.0,51.0,66.14285714285714
2023-07-28,44.6,29.4,0.0,24.5,17,934.6,87,1,4,7,62.0,87.0,67.71428571428571
2023-07-29,44.0,30.2,0.0,21.9,18,933.7,104,1,5,7,87.0,90.0,67.71428571428571
2023-07-30,44.2,29.5,0.0,12.8,17,933.6,62,0,6,7,104.0,65.0,69.71428571428571
2023-07-31,45.8,30.4,0.0,29.8,16,933.4,65,0,0,7,62.0,53.0,69.28571428571429
2023-08-01,45.8,31.6,0.0,18.2,15,933.4,64,0,1,8,65.0,55.0,71.0
2023-08-02,45.3,30.8,0.0,25.7,15,933.8,63,0,2,8,64.0,62.0,72.28571428571429
2023-08-03,45.5,30.5,0.0,25.3,15,933.8,58,0,3,8,63.0,62.0,72.42857142857143
2023-08-04,43.5,31.4,0.0,30.4,16,935.2,78,1,4,8,58.0,87.0,71.85714285714286
2023-08-05,43.5,29.1,0.0,28.5,15,935.6,81,1,5,8,78.0,104.0,70.57142857142857
2023-08-06,43.8,29.6,0.0,27.0,17,935.9,58,0,6,8,81.0,62.0,67.28571428571429
2023-08-07,43.4,28.8,0.0,24.5,22,935.1,57,0,0,8,58.0,65.0,66.71428571428571
2023-08-08,43.1,29.2,0.0,23.7,17,934.1,60,0,1,8,57.0,64.0,65.57142857142857
2023-08-09,43.5,28.1,0.0,27.6,13,935.7,71,0,2,8,60.0,63.0,65.0
2023-08-10,44.8,27.9,0.0,35.5,16,936.1,40,0,3,8,71.0,58.0,66.14285714285714
2023-08-11,43.3,29.9,0.0,24.8,19,936.0,88,1,4,8,40.0,78.0,63.57142857142857
2023-08-12,43.5,29.2,0.0,17.7,27,936.1,76,1,5,8,88.0,81.0,65.0
2023-08-13,43.8,31.1,0.0,15.6,29,935.9,57,0,6,8,76.0,58.0,64.28571428571429
2023-08-14,44.5,30.1,0.0,39.3,26,935.7,55,0,0,8,57.0,57.0,64.14285714285714
2023-08-15,44.2,29.9,0.0,22.0,16,934.6,60,0,1,8,55.0,60.0,63.857142857142854
2023-08-16,43.9,29.4,0.0,21.7,20,934.2,54,0,2,8,60.0,71.0,63.857142857142854
2023-08-17,43.7,29.6,0.0,22.2,28,935.1,56,0,3,8,54.0,40.0,61.42857142857143
2023-08-18,43.2,30.4,0.0,27.8,23,936.1,88,1,4,8,56.0,88.0,63.714285714285715
2023-08-19,43.5,30.5,0.0,24.5,25,935.9,81,1,5,8,88.0,76.0,63.714285714285715
2023-08-20,42.9,31.5,0.0,23.3,22,936.1,61,0,6,8,81.0,57.0,64.42857142857143
2023-08-21,42.1,30.1,0.0,21.6,28,936.4,60,0,0,8,61.0,55.0,65.0
2023-08-22,41.9,28.8,0.0,18.9,27,937.2,76,0,1,8,60.0,60.0,65.71428571428571
2023-08-23,42.7,30.0,0.0,13.3,18,937.3,70,0,2,8,76.0,54.0,68.0
2023-08-24,44.9,29.0,0.0,33.2,19,935.8,53,0,3,8,70.0,56.0,70.28571428571429
2023-08-25,44.7,31.0,0.0,28.5,15,934.9,74,1,4,8,53.0,88.0,69.85714285714286
2023-08-26,44.0,29.0,0.0,27.1,18,935.2,85,1,5,8,74.0,81.0,67.85714285714286
2023-08-27,43.2,28.8,0.0,15.6,22,935.9,56,0,6,8,85.0,61.0,68.42857142857143
2023-08-28,44.6,28.5,0.0,18.7,19,935.0,64,0,0,8,56.0,60.0,67.71428571428571
2023-08-29,44.4,29.8,0.0,21.1,19,932.7,56,0,1,8,64.0,76.0,68.28571428571429
2023-08-30,45.2,30.1,0.0,36.9,25,935.0,49,0,2,8,56.0,70.0,65.42857142857143
2023-08-31,41.0,28.3,0.0,27.5,31,939.7,82,0,3,8,49.0,53.0,62.42857142857143
2023-09-01,41.8,27.1,0.0,32.9,28,939.8,99,1,4,9,82.0,74.0,66.57142857142857
2023-09-02,41.7,28.0,0.0,23.2,23,938.5,98,1,5,9,99.0,85.0,70.14285714285714
2023-09-03,40.4,27.8,0.0,26.6,23,936.9,78,0,6,9,98.0,56.0,72.0
2023-09-04,40.0,25.4,0.0,14.8,26,936.4,77,0,0,9,78.0,64.0,75.14285714285714
2023-09-05,41.9,25.3,0.0,13.9,25,937.5,76,0,1,9,77.0,56.0,77.0
2023-09-06,43.2,27.9,0.0,22.0,22,937.9,68,0,2,9,76.0,49.0,79.85714285714286
2023-09-07,43.3,29.4,0.0,26.3,15,937.2,62,0,3,9,68.0,82.0,82.57142857142857
2023-09-08,42.8,27.6,0.0,19.4,19,937.1,78,1,4,9,62.0,99.0,79.71428571428571
2023-09-09,43.6,27.5,0.0,36.0,20,938.2,79,1,5,9,78.0,98.0,76.71428571428571
2023-09-10,43.0,29.6,0.0,30.4,18,936.7,60,0,6,9,79.0,78.0,74.0
2023-09-11,44.0,30.0,0.0,25.2,18,935.6,65,0,0,9,60.0,77.0,71.42857142857143
2023-09-12,43.7,28.8,0.0,23.5,22,937.1,52,0,1,9,65.0,76.0,69.71428571428571
2023-09-13,42.5,28.0,0.0,13.3,25,937.1,57,0,2,9,52.0,68.0,66.28571428571429
2023-09-14,42.8,28.4,0.0,20.1,18,937.1,66,0,3,9,57.0,62.0,64.71428571428571
2023-09-15,41.8,27.5,0.0,26.3,24,939.0,101,1,4,9,66.0,78.0,65.28571428571429
2023-09-16,40.8,27.7,0.0,16.1,29,939.2,107,1,5,9,101.0,79.0,68.57142857142857
2023-09-17,42.0,27.6,0.0,19.3,22,937.0,83,0,6,9,107.0,60.0,72.57142857142857
2023-09-18,41.8,26.5,0.0,15.6,23,936.1,75,0,0,9,83.0,65.0,75.85714285714286
2023-09-19,40.5,25.8,0.0,19.9,23,937.8,79,0,1,9,75.0,52.0,77.28571428571429
2023-09-20,40.3,26.6,0.0,20.2,18,939.6,63,0,2,9,79.0,57.0,81.14285714285714
2023-09-21,40.3,24.9,0.0,23.1,25,939.7,74,0,3,9,63.0,66.0,82.0
2023-09-22,41.3,25.9,0.0,27.8,20,940.0,103,1,4,9,74.0,101.0,83.14285714285714
2023-09-23,41.2,26.1,0.0,28.4,16,939.5,98,1,5,9,103.0,107.0,83.42857142857143
2023-09-24,40.8,24.7,0.0,20.4,22,939.8,88,0,6,9,98.0,83.0,82.14285714285714
2023-09-25,41.2,27.0,0.0,25.1,18,939.0,72,0,0,9,88.0,75.0,82.85714285714286
2023-09-26,42.0,26.5,0.0,15.9,18,937.8,77,0,1,9,72.0,79.0,82.42857142857143
2023-09-27,39.0,25.5,0.0,15.3,18,940.4,80,0,2,9,77.0,63.0,82.14285714285714
2023-09-28,39.8,25.2,0.0,26.2,19,942.1,87,0,3,9,80.0,74.0,84.57142857142857
2023-09-29,40.2,24.1,0.0,26.0,19,941.5,97,1,4,9,87.0,103.0,86.42857142857143
2023-09-30,39.1,23.8,0.0,20.1,20,941.6,110,1,5,9,97.0,98.0,85.57142857142857
2023-10-01,37.2,23.9,0.0,15.0,23,943.1,80,0,6,10,110.0,88.0,87.28571428571429
2023-10-02,39.0,23.1,0.0,15.8,26,942.7,75,0,0,10,80.0,72.0,86.14285714285714
2023-10-03,40.6,25.8,0.0,21.2,22,942.7,82,0,1,10,75.0,77.0,86.57142857142857
2023-10-04,40.5,25.7,0.0,14.2,21,943.5,80,0,2,10,82.0,80.0,87.28571428571429
2023-10-05,39.8,26.4,0.0,21.1,23,944.6,76,0,3,10,80.0,87.0,87.28571428571429
2023-10-06,38.2,23.4,0.0,22.1,43,944.4,105,1,4,10,76.0,97.0,85.71428571428571
2023-10-07,38.8,23.2,0.0,18.2,27,943.0,103,1,5,10,105.0,110.0,86.85714285714286
2023-10-08,39.0,25.0,0.0,26.0,26,943.5,80,0,6,10,103.0,80.0,85.85714285714286
2023-10-09,38.4,24.5,0.0,20.6,29,944.8,83,0,0,10,80.0,75.0,85.85714285714286
2023-10-10,37.0,25.4,0.0,14.5,28,944.2,87,0,1,10,83.0,82.0,87.0
2023-10-11,36.8,23.9,0.0,12.6,24,943.5,73,0,2,10,87.0,80.0,87.71428571428571
2023-10-12,38.1,22.4,0.0,20.4,27,943.4,90,0,3,10,73.0,76.0,86.71428571428571
2023-10-13,37.8,20.4,0.0,17.4,22,943.9,95,1,4,10,90.0,105.0,88.71428571428571
2023-10-14,37.3,21.6,0.0,13.8,29,943.6,104,1,5,10,95.0,103.0,87.28571428571429
2023-10-15,37.5,22.4,0.0,15.7,23,942.0,82,0,6,10,104.0,80.0,87.42857142857143
2023-10-16,37.5,23.1,0.0,21.0,20,940.8,81,0,0,10,82.0,83.0,87.71428571428571
2023-10-17,35.5,21.1,0.0,20.8,44,942.3,76,0,1,10,81.0,87.0,87.42857142857143
2023-10-18,34.7,20.4,0.0,22.4,84,944.0,78,0,2,10,76.0,73.0,85.85714285714286
2023-10-19,35.5,20.6,0.0,26.0,32,944.5,77,0,3,10,78.0,90.0,86.57142857142857
2023-10-20,34.7,22.2,0.0,28.9,28,944.8,102,1,4,10,77.0,95.0,84.71428571428571
2023-10-21,35.0,20.9,0.0,17.5,30,945.2,109,1,5,10,102.0,104.0,85.71428571428571
2023-10-22,34.5,19.9,0.0,18.5,34,945.9,81,0,6,10,109.0,82.0,86.42857142857143
2023-10-23,33.5,21.6,0.0,15.9,41,945.9,76,0,0,10,81.0,81.0,86.28571428571429
2023-10-24,33.0,21.0,0.0,17.2,48,944.4,84,0,1,10,76.0,76.0,85.57142857142857
2023-10-25,32.3,19.6,0.0,24.0,48,944.7,81,0,2,10,84.0,78.0,86.71428571428571
2023-10-26,30.4,20.1,0.0,18.0,80,946.5,84,0,3,10,81.0,77.0,87.14285714285714
2023-10-27,30.7,19.3,0.0,13.4,70,946.2,108,1,4,10,84.0,102.0,88.14285714285714
2023-10-28,30.4,18.7,0.0,16.2,59,944.9,100,1,5,10,108.0,109.0,89.0
2023-10-29,29.5,19.6,0.0,14.4,37,944.2,87,0,6,10,100.0,81.0,87.71428571428571
2023-10-30,29.6,19.5,0.3,19.7,43,944.3,108,0,0,10,87.0,76.0,88.57142857142857
2023-10-31,31.0,19.9,0.0,20.3,54,944.9,83,0,1,10,108.0,84.0,93.14285714285714
2023-11-01,31.0,20.5,0.1,20.3,63,945.6,94,0,2,11,83.0,81.0,93.0
2023-11-02,27.9,20.0,1.2,19.1,73,946.0,105,0,3,11,94.0,84.0,94.85714285714286
2023-11-03,30.1,18.0,0.3,13.8,87,945.2,126,1,4,11,105.0,108.0,97.85714285714286
2023-11-04,31.2,20.0,0.4,25.9,78,944.2,117,1,5,11,126.0,100.0,100.42857142857143
2023-11-05,29.8,19.2,0.4,16.8,78,944.7,107,0,6,11,117.0,87.0,102.85714285714286
2023-11-06,30.1,18.0,0.0,13.9,57,945.9,78,0,0,11,107.0,108.0,105.71428571428571
2023-11-07,29.5,18.3,0.0,16.9,52,946.6,88,0,1,11,78.0,83.0,101.42857142857143
2023-11-08,30.1,17.3,0.0,21.8,44,946.0,85,0,2,11,88.0,94.0,102.14285714285714
2023-11-09,28.1,17.2,0.0,13.2,42,946.7,94,0,3,11,85.0,105.0,100.85714285714286
2023-11-10,27.3,16.4,0.0,12.5,45,947.6,119,1,4,11,94.0,126.0,99.28571428571429
2023-11-11,26.9,18.4,0.0,17.4,40,948.4,121,1,5,11,119.0,117.0,98.28571428571429
2023-11-12,29.0,18.4,0.0,15.1,49,948.7,90,0,6,11,121.0,107.0,98.85714285714286
2023-11-13,28.4,18.0,0.0,18.1,66,947.6,93,0,0,11,90.0,78.0,96.42857142857143
2023-11-14,29.9,19.0,0.0,19.5,55,945.2,88,0,1,11,93.0,88.0,98.57142857142857
2023-11-15,28.9,19.8,0.1,25.6,63,943.4,106,0,2,11,88.0,85.0,98.57142857142857
2023-11-16,26.2,19.1,1.4,29.0,69,944.5,104,0,3,11,106.0,94.0,101.57142857142857
2023-11-17,26.1,15.3,0.0,14.0,94,946.8,115,1,4,11,104.0,119.0,103.0
2023-11-18,26.0,14.9,0.0,15.0,81,946.7,117,1,5,11,115.0,121.0,102.42857142857143
2023-11-19,27.9,18.4,0.0,31.4,80,943.3,75,0,6,11,117.0,90.0,101.85714285714286
2023-11-20,29.1,19.9,0.9,32.5,84,941.5,105,0,0,11,75.0,93.0,99.71428571428571
2023-11-21,27.8,17.7,0.0,24.8,92,944.7,84,0,1,11,105.0,88.0,101.42857142857143
2023-11-22,24.4,17.2,0.0,21.4,80,949.2,83,0,2,11,84.0,106.0,100.85714285714286
2023-11-23,26.0,13.2,0.0,16.9,55,946.3,95,0,3,11,83.0,104.0,97.57142857142857
2023-11-24,29.4,16.5,0.0,24.0,57,942.0,118,1,4,11,95.0,115.0,96.28571428571429
2023-11-25,23.9,15.1,6.0,16.8,86,944.7,133,1,5,11,118.0,117.0,96.71428571428571
2023-11-26,30.9,16.0,0.0,22.9,88,944.8,83,0,6,11,133.0,75.0,99.0
2023-11-27,32.6,19.5,0.0,28.2,55,943.1,79,0,0,11,83.0,105.0,100.14285714285714
2023-11-28,27.2,17.9,0.0,22.0,74,944.8,85,0,1,11,79.0,84.0,96.42857142857143
2023-11-29,24.0,13.6,0.0,15.2,65,947.6,90,0,2,11,85.0,83.0,96.57142857142857
2023-11-30,24.1,11.6,0.0,11.2,64,948.2,86,0,3,11,90.0,95.0,97.57142857142857
2023-12-01,27.2,14.1,0.0,13.0,44,947.9,119,1,4,12,86.0,118.0,96.28571428571429
2023-12-02,25.7,13.0,0.0,10.7,35,947.5,114,1,5,12,119.0,133.0,96.42857142857143
2023-12-03,25.2,14.5,0.0,15.8,39,948.9,85,0,6,12,114.0,83.0,93.71428571428571
2023-12-04,25.5,15.2,0.0,14.3,39,949.4,88,0,0,12,85.0,79.0,94.0
2023-12-05,23.9,11.1,0.0,11.2,36,947.6,92,0,1,12,88.0,85.0,95.28571428571429
2023-12-06,24.9,12.4,0.0,11.9,31,945.9,87,0,2,12,92.0,90.0,96.28571428571429
2023-12-07,26.5,11.7,0.0,11.0,35,946.0,85,0,3,12,87.0,86.0,95.85714285714286
2023-12-08,25.9,13.5,0.0,17.4,29,945.9,116,1,4,12,85.0,119.0,95.71428571428571
2023-12-09,26.2,9.6,0.0,20.6,36,945.3,116,1,5,12,116.0,114.0,95.28571428571429
2023-12-10,25.8,13.1,0.0,13.7,47,947.1,87,0,6,12,116.0,85.0,95.57142857142857
2023-12-11,26.0,14.0,0.0,11.5,39,946.5,87,0,0,12,87.0,88.0,95.85714285714286
2023-12-12,25.1,13.1,0.0,15.8,37,943.2,91,0,1,12,87.0,92.0,95.71428571428571
2023-12-13,24.0,13.6,0.0,37.2,44,941.3,72,0,2,12,91.0,87.0,95.57142857142857
2023-12-14,21.0,10.6,0.0,27.6,60,947.2,82,0,3,12,72.0,85.0,93.42857142857143
2023-12-15,18.8,9.0,0.0,21.0,70,950.1,111,1,4,12,82.0,116.0,93.0
2023-12-16,19.1,7.9,0.0,16.0,57,950.6,113,1,5,12,111.0,116.0,92.28571428571429
2023-12-17,18.6,6.8,0.0,12.2,79,949.8,91,0,6,12,113.0,87.0,91.85714285714286
2023-12-18,20.6,10.1,0.0,15.3,85,947.4,97,0,0,12,91.0,87.0,92.42857142857143
2023-12-19,21.0,10.5,0.0,12.4,86,946.0,94,0,1,12,97.0,91.0,93.85714285714286
2023-12-20,22.0,8.6,0.0,10.6,66,946.7,89,0,2,12,94.0,72.0,94.28571428571429
2023-12-21,23.2,9.6,0.0,14.3,62,946.8,89,0,3,12,89.0,82.0,96.71428571428571
2023-12-22,25.5,10.4,0.0,22.7,63,944.4,109,1,4,12,89.0,111.0,97.71428571428571
2023-12-23,26.9,14.5,0.0,29.2,77,943.0,114,1,5,12,109.0,113.0,97.42857142857143
2023-12-24,25.7,15.2,0.0,19.9,93,946.1,88,0,6,12,114.0,91.0,97.57142857142857
2023-12-25,25.0,15.0,0.0,19.6,45,947.6,91,0,0,12,88.0,97.0,97.14285714285714
2023-12-26,24.5,13.6,0.0,17.7,57,949.7,85,0,1,12,91.0,94.0,96.28571428571429
2023-12-27,23.8,13.0,0.0,14.8,76,949.9,92,0,2,12,85.0,89.0,95.0
2023-12-28,25.2,12.5,0.0,24.8,65,946.9,97,0,3,12,92.0,89.0,95.42857142857143
2023-12-29,22.1,14.9,2.9,22.0,68,946.2,129,1,4,12,97.0,109.0,96.57142857142857
2023-12-30,21.1,11.9,0.9,21.9,95,946.3,132,1,5,12,129.0,114.0,99.42857142857143
2023-12-31,21.7,13.0,0.0,21.7,98,946.8,93,0,6,12,132.0,88.0,102.0
2024-01-01,23.6,12.9,0.0,17.5,93,947.6,87,0,0,1,93.0,91.0,102.71428571428571
2024-01-02,22.4,12.4,0.0,22.1,100,946.9,91,0,1,1,87.0,85.0,102.14285714285714
2024-01-03,24.9,13.9,0.1,25.0,86,944.5,105,0,2,1,91.0,92.0,103.0
2024-01-04,19.8,10.5,0.0,13.6,96,947.5,90,0,3,1,105.0,97.0,104.85714285714286
2024-01-05,21.4,9.0,0.0,10.1,93,947.3,111,1,4,1,90.0,129.0,103.85714285714286
2024-01-06,22.8,11.5,0.0,15.3,71,948.2,115,1,5,1,111.0,132.0,101.28571428571429
2024-01-07,20.8,10.8,0.0,15.2,88,949.4,92,0,6,1,115.0,93.0,98.85714285714286
2024-01-08,19.4,7.2,0.0,10.8,93,949.7,97,0,0,1,92.0,87.0,98.71428571428571
2024-01-09,21.1,5.8,0.0,18.3,57,948.2,94,0,1,1,97.0,91.0,100.14285714285714
2024-01-10,22.0,7.6,0.0,17.5,60,945.6,100,0,2,1,94.0,105.0,100.57142857142857
2024-01-11,24.0,7.9,0.0,23.8,56,943.0,86,0,3,1,100.0,90.0,99.85714285714286
2024-01-12,26.2,11.6,0.0,17.0,44,942.0,119,1,4,1,86.0,111.0,99.28571428571429
2024-01-13,27.9,10.4,0.0,23.7,71,943.1,115,1,5,1,119.0,115.0,100.42857142857143
2024-01-14,28.5,13.9,0.0,25.2,47,943.5,100,0,6,1,115.0,92.0,100.42857142857143
2024-01-15,29.6,14.1,0.0,27.3,62,945.1,85,0,0,1,100.0,97.0,101.57142857142857
2024-01-16,23.0,13.9,0.0,19.2,60,947.7,85,0,1,1,85.0,94.0,99.85714285714286
2024-01-17,21.5,11.4,0.0,13.8,45,946.8,87,0,2,1,85.0,100.0,98.57142857142857
2024-01-18,18.5,10.9,0.4,19.5,66,946.5,94,0,3,1,87.0,86.0,96.71428571428571
2024-01-19,20.6,9.0,0.0,18.7,72,948.1,112,1,4,1,94.0,119.0,97.85714285714286
2024-01-20,21.9,9.7,0.0,13.1,60,949.1,111,1,5,1,112.0,115.0,96.85714285714286
2024-01-21,23.0,10.1,0.0,12.3,51,949.5,90,0,6,1,111.0,100.0,96.28571428571429
2024-01-22,25.9,10.6,0.0,21.3,53,948.2,91,0,0,1,90.0,85.0,94.85714285714286
2024-01-23,28.5,12.0,0.0,15.8,45,946.6,99,0,1,1,91.0,85.0,95.71428571428571
2024-01-24,29.6,15.1,0.0,32.3,43,944.6,84,0,2,1,99.0,87.0,97.71428571428571
2024-01-25,26.8,13.2,0.0,17.7,61,943.9,87,0,3,1,84.0,94.0,97.28571428571429
2024-01-26,27.2,14.8,0.0,25.1,53,940.9,110,1,4,1,87.0,112.0,96.28571428571429
2024-01-27,21.5,13.9,0.0,16.9,47,943.9,117,1,5,1,110.0,111.0,96.0
2024-01-28,22.3,11.1,0.0,14.2,46,946.3,83,0,6,1,117.0,90.0,96.85714285714286
2024-01-29,20.5,12.1,0.0,27.6,73,946.0,99,0,0,1,83.0,91.0,95.85714285714286
2024-01-30,26.0,13.9,0.0,22.6,53,944.6,95,0,1,1,99.0,99.0,97.0
2024-01-31,26.0,15.4,0.0,17.4,79,944.4,87,0,2,1,95.0,84.0,96.42857142857143
2024-02-01,24.9,12.1,0.0,25.4,97,942.2,81,0,3,2,87.0,87.0,96.85714285714286
2024-02-02,17.0,9.1,0.0,25.3,43,945.7,121,1,4,2,81.0,110.0,96.0
2024-02-03,17.5,5.8,0.0,12.8,53,948.5,114,1,5,2,121.0,117.0,97.57142857142857
2024-02-04,18.7,6.7,0.0,19.9,49,948.7,96,0,6,2,114.0,83.0,97.14285714285714
2024-02-05,21.0,8.9,0.0,25.7,40,946.9,82,0,0,2,96.0,99.0,99.0
2024-02-06,20.4,9.2,0.0,18.0,53,948.7,87,0,1,2,82.0,95.0,96.57142857142857
2024-02-07,20.2,8.2,0.0,12.6,58,951.2,90,0,2,2,87.0,87.0,95.42857142857143
2024-02-08,20.8,8.0,0.0,12.2,41,950.6,90,0,3,2,90.0,81.0,95.85714285714286
2024-02-09,22.6,11.0,0.0,17.8,47,948.1,112,1,4,2,90.0,121.0,97.14285714285714
2024-02-10,21.3,12.2,2.5,32.4,48,945.6,123,1,5,2,112.0,114.0,95.85714285714286
2024-02-11,23.5,12.2,1.6,25.5,71,944.4,99,0,6,2,123.0,96.0,97.14285714285714
2024-02-12,18.3,9.3,0.1,22.9,94,947.6,104,0,0,2,99.0,82.0,97.57142857142857
2024-02-13,21.0,8.9,0.0,18.9,96,946.4,90,0,1,2,104.0,87.0,100.71428571428571
2024-02-14,25.9,11.6,0.0,32.0,81,943.7,82,0,2,2,90.0,90.0,101.14285714285714
2024-02-15,29.7,15.9,0.0,37.2,56,942.6,83,0,3,2,82.0,90.0,100.0
2024-02-16,33.3,19.3,0.0,28.5,51,942.5,99,1,4,2,83.0,112.0,99.0
2024-02-17,25.5,16.9,0.0,26.7,52,945.4,107,1,5,2,99.0,123.0,97.14285714285714
2024-02-18,22.0,11.6,0.0,21.0,60,946.6,96,0,6,2,107.0,99.0,94.85714285714286
2024-02-19,22.6,11.7,0.0,25.8,48,944.2,91,0,0,2,96.0,104.0,94.42857142857143
2024-02-20,25.9,12.5,0.0,23.7,42,944.0,86,0,1,2,91.0,90.0,92.57142857142857
2024-02-21,23.4,11.0,0.0,19.5,69,947.2,97,0,2,2,86.0,82.0,92.0
2024-02-22,24.7,12.1,0.0,23.1,47,947.4,90,0,3,2,97.0,83.0,94.14285714285714
2024-02-23,27.7,14.3,0.0,28.3,45,946.4,120,1,4,2,90.0,99.0,95.14285714285714
2024-02-24,32.5,17.4,0.0,29.9,35,943.2,105,1,5,2,120.0,107.0,98.14285714285714
2024-02-25,25.4,15.2,0.0,30.4,58,940.4,90,0,6,2,105.0,96.0,97.85714285714286
2024-02-26,21.0,10.4,0.0,22.5,82,942.4,98,0,0,2,90.0,91.0,97.0
2024-02-27,24.8,10.6,0.0,35.5,61,941.7,78,0,1,2,98.0,86.0,98.0
2024-02-28,27.9,14.6,0.0,32.5,55,941.2,84,0,2,2,78.0,97.0,96.85714285714286
2024-02-29,18.7,10.6,0.0,27.2,73,946.3,93,0,3,2,84.0,90.0,95.0
2024-03-01,18.6,6.1,0.0,16.2,28,947.5,121,1,4,3,93.0,120.0,95.42857142857143
2024-03-02,23.9,6.6,0.0,22.7,24,945.4,110,1,5,3,121.0,105.0,95.57142857142857
2024-03-03,29.6,13.8,0.0,27.0,21,940.9,93,0,6,3,110.0,90.0,96.28571428571429
2024-03-04,26.1,15.2,0.0,20.3,34,940.4,95,0,0,3,93.0,98.0,96.71428571428571
2024-03-05,24.7,12.4,0.0,17.8,42,943.9,81,0,1,3,95.0,78.0,96.28571428571429
2024-03-06,23.4,12.8,0.0,18.8,41,945.0,84,0,2,3,81.0,84.0,96.71428571428571
2024-03-07,29.6,15.0,0.0,28.9,31,942.5,79,0,3,3,84.0,93.0,96.71428571428571
2024-03-08,26.8,16.1,0.0,21.2,37,942.0,113,1,4,3,79.0,121.0,94.71428571428571
2024-03-09,26.4,13.6,0.0,20.2,55,943.2,118,1,5,3,113.0,110.0,93.57142857142857
2024-03-10,29.9,13.1,0.0,31.4,49,944.4,87,0,6,3,118.0,93.0,94.71428571428571
2024-03-11,33.3,18.7,0.0,46.6,59,944.3,70,0,0,3,87.0,95.0,93.85714285714286
2024-03-12,25.2,13.7,0.0,25.8,49,949.3,98,0,1,3,70.0,81.0,90.28571428571429
2024-03-13,26.8,12.9,0.0,20.6,49,947.8,83,0,2,3,98.0,84.0,92.71428571428571
2024-03-14,30.9,17.8,0.0,27.0,25,945.2,71,0,3,3,83.0,79.0,92.57142857142857
2024-03-15,31.5,18.6,0.0,32.8,50,943.7,94,1,4,3,71.0,113.0,91.42857142857143
2024-03-16,35.9,18.9,0.0,31.2,53,943.2,96,1,5,3,94.0,118.0,88.71428571428571
2024-03-17,28.9,21.2,0.0,18.4,62,946.1,89,0,6,3,96.0,87.0,85.57142857142857
2024-03-18,24.3,20.6,1.9,23.6,75,943.5,94,0,0,3,89.0,70.0,85.85714285714286
2024-03-19,23.9,18.9,1.4,26.6,81,941.1,104,0,1,3,94.0,98.0,89.28571428571429
2024-03-20,24.5,16.5,0.2,26.7,94,945.0,98,0,2,3,104.0,83.0,90.14285714285714
2024-03-21,25.0,13.5,0.0,16.6,78,945.4,93,0,3,3,98.0,71.0,92.28571428571429
2024-03-22,30.7,16.2,3.4,29.0,69,939.6,121,1,4,3,93.0,94.0,95.42857142857143
2024-03-23,26.8,16.6,0.6,23.7,83,938.9,125,1,5,3,121.0,96.0,99.28571428571429
2024-03-24,26.6,17.5,1.6,24.9,83,936.6,102,0,6,3,125.0,89.0,103.42857142857143
2024-03-25,23.0,14.5,0.0,34.3,73,941.5,74,0,0,3,102.0,94.0,105.28571428571429
2024-03-26,23.8,10.9,0.0,16.9,85,947.1,89,0,1,3,74.0,104.0,102.42857142857143
2024-03-27,27.1,11.8,0.0,14.1,67,948.5,94,0,2,3,89.0,98.0,100.28571428571429
2024-03-28,29.0,14.8,0.0,21.2,33,947.3,85,0,3,3,94.0,93.0,99.71428571428571
2024-03-29,28.9,14.4,0.0,14.9,49,944.8,117,1,4,3,85.0,121.0,98.57142857142857
2024-03-30,25.0,19.0,1.2,29.9,45,944.0,127,1,5,3,117.0,125.0,98.0
2024-03-31,28.3,16.6,0.0,28.5,47,945.9,86,0,6,3,127.0,102.0,98.28571428571429
2024-04-01,24.9,16.2,0.0,11.6,80,945.0,89,0,0,4,86.0,74.0,96.0
2024-04-02,26.4,16.9,0.0,15.0,76,942.2,84,0,1,4,89.0,89.0,98.14285714285714
2024-04-03,27.9,16.0,2.3,18.9,83,941.5,102,0,2,4,84.0,94.0,97.42857142857143
2024-04-04,28.2,14.4,0.0,11.8,77,943.7,84,0,3,4,102.0,85.0,98.57142857142857
2024-04-05,30.2,15.1,0.0,13.5,52,944.5,114,1,4,4,84.0,117.0,98.42857142857143
2024-04-06,33.7,18.4,0.0,25.5,46,942.3,105,1,5,4,114.0,127.0,98.0
2024-04-07,35.0,22.9,0.5,34.8,54,939.2,81,0,6,4,105.0,86.0,94.85714285714286
2024-04-08,26.8,20.8,3.0,27.9,69,941.0,106,0,0,4,81.0,89.0,94.14285714285714
2024-04-09,28.5,19.9,2.4,38.4,67,941.3,94,0,1,4,106.0,84.0,96.57142857142857
2024-04-10,29.2,19.0,0.5,26.1,77,941.4,103,0,2,4,94.0,102.0,98.0
2024-04-11,30.9,20.8,0.0,24.7,72,940.9,83,0,3,4,103.0,84.0,98.14285714285714
2024-04-12,31.7,19.5,0.0,19.4,49,940.5,108,1,4,4,83.0,114.0,98.0
2024-04-13,30.5,19.5,0.0,17.9,36,939.5,102,1,5,4,108.0,105.0,97.14285714285714
2024-04-14,32.0,19.3,0.0,25.9,40,938.9,77,0,6,4,102.0,81.0,96.71428571428571
2024-04-15,34.0,21.7,0.4,37.9,49,936.0,83,0,0,4,77.0,106.0,96.14285714285714
2024-04-16,26.0,17.0,0.1,31.2,70,938.5,83,0,1,4,83.0,94.0,92.85714285714286
2024-04-17,30.2,16.8,0.0,21.7,58,940.8,72,0,2,4,83.0,103.0,91.28571428571429
2024-04-18,32.3,18.4,0.0,13.6,36,941.3,86,0,3,4,72.0,83.0,86.85714285714286
2024-04-19,35.6,20.0,0.0,18.9,29,939.2,113,1,4,4,86.0,108.0,87.28571428571429
2024-04-20,36.5,21.2,0.0,22.3,28,938.2,103,1,5,4,113.0,102.0,88.0
2024-04-21,37.5,23.6,0.0,34.6,24,937.2,72,0,6,4,103.0,77.0,88.14285714285714
2024-04-22,35.8,22.5,0.0,29.3,29,940.0,81,0,0,4,72.0,83.0,87.42857142857143
2024-04-23,32.1,21.0,0.0,25.3,41,942.5,95,0,1,4,81.0,83.0,87.14285714285714
2024-04-24,34.2,20.1,0.0,26.7,27,939.4,85,0,2,4,95.0,72.0,88.85714285714286
2024-04-25,34.2,21.1,0.0,18.7,21,938.4,79,0,3,4,85.0,86.0,90.71428571428571
2024-04-26,34.0,19.0,0.0,18.2,28,938.8,100,1,4,4,79.0,113.0,89.71428571428571
2024-04-27,34.7,22.8,0.0,23.0,24,938.9,96,1,5,4,100.0,103.0,87.85714285714286
2024-04-28,33.2,23.0,2.9,31.7,52,940.2,86,0,6,4,96.0,72.0,86.85714285714286
2024-04-29,34.1,19.6,0.0,42.1,65,941.3,66,0,0,4,86.0,81.0,88.85714285714286
2024-04-30,27.2,19.5,6.1,31.3,75,941.0,87,0,1,4,66.0,95.0,86.71428571428571
2024-05-01,23.8,18.4,7.4,22.5,92,938.3,101,0,2,5,87.0,85.0,85.57142857142857
2024-05-02,28.0,16.2,0.1,22.4,94,936.5,99,0,3,5,101.0,79.0,87.85714285714286
2024-05-03,31.8,19.5,0.0,31.4,79,936.4,103,1,4,5,99.0,100.0,90.71428571428571
2024-05-04,31.9,18.9,0.0,20.4,69,939.2,109,1,5,5,103.0,96.0,91.14285714285714
2024-05-05,34.2,19.5,0.0,24.3,65,939.6,79,0,6,5,109.0,86.0,93.0
2024-05-06,37.0,23.3,0.0,33.1,59,938.2,77,0,0,5,79.0,66.0,92.0
2024-05-07,37.7,23.3,0.0,17.4,29,939.2,80,0,1,5,77.0,87.0,93.57142857142857
2024-05-08,34.9,22.8,0.0,26.3,45,941.0,75,0,2,5,80.0,101.0,92.57142857142857
2024-05-09,34.2,21.8,0.0,23.1,30,942.8,87,0,3,5,75.0,99.0,88.85714285714286
2024-05-10,35.5,21.4,0.0,14.8,26,943.3,107,1,4,5,87.0,103.0,87.14285714285714
2024-05-11,38.8,23.9,0.0,19.3,18,942.9,99,1,5,5,107.0,109.0,87.71428571428571
2024-05-12,40.9,26.0,0.0,28.3,21,939.9,79,0,6,5,99.0,79.0,86.28571428571429
2024-05-13,42.5,27.2,0.0,31.5,21,936.7,45,0,0,5,79.0,77.0,86.28571428571429
2024-05-14,39.0,27.8,0.0,23.6,34,937.0,73,0,1,5,45.0,80.0,81.71428571428571
2024-05-15,41.0,24.8,0.0,28.6,44,937.7,84,0,2,5,73.0,75.0,80.71428571428571
2024-05-16,40.7,30.0,0.0,31.5,31,938.2,79,0,3,5,84.0,87.0,82.0
2024-05-17,36.9,26.0,0.0,27.8,47,941.2,98,1,4,5,79.0,107.0,80.85714285714286
2024-05-18,35.8,24.1,0.0,26.4,37,942.6,107,1,5,5,98.0,99.0,79.57142857142857
2024-05-19,37.1,22.9,0.0,20.4,23,940.8,76,0,6,5,107.0,79.0,80.71428571428571
2024-05-20,39.7,25.0,0.0,19.1,22,939.0,77,0,0,5,76.0,45.0,80.28571428571429
2024-05-21,40.8,28.2,0.0,27.9,17,938.1,77,0,1,5,77.0,73.0,84.85714285714286
2024-05-22,42.5,27.2,0.0,26.3,18,937.2,55,0,2,5,77.0,84.0,85.42857142857143
2024-05-23,40.8,27.9,0.0,25.0,17,938.3,80,0,3,5,55.0,79.0,81.28571428571429
2024-05-24,42.9,26.1,0.0,24.8,27,937.9,80,1,4,5,80.0,98.0,81.42857142857143
2024-05-25,43.3,27.3,0.0,28.2,22,936.5,86,1,5,5,80.0,107.0,78.85714285714286
2024-05-26,42.8,28.8,0.0,25.9,19,937.3,59,0,6,5,86.0,76.0,75.85714285714286
2024-05-27,41.2,28.6,0.0,29.4,26,939.9,78,0,0,5,59.0,77.0,73.42857142857143
2024-05-28,41.0,26.9,0.0,18.5,19,940.4,75,0,1,5,78.0,77.0,73.57142857142857
2024-05-29,41.7,26.8,0.0,16.8,20,938.3,77,0,2,5,75.0,55.0,73.28571428571429
2024-05-30,44.0,29.6,0.0,25.5,16,937.7,63,0,3,5,77.0,80.0,76.42857142857143
2024-05-31,44.2,28.5,0.0,23.1,17,939.0,87,1,4,5,63.0,80.0,74.0
2024-06-01,43.8,29.2,0.0,31.3,17,939.1,70,1,5,6,87.0,86.0,75.0
2024-06-02,42.5,28.8,0.0,22.3,18,939.7,60,0,6,6,70.0,59.0,72.71428571428571
2024-06-03,42.5,27.5,0.0,21.3,19,939.4,63,0,0,6,60.0,78.0,72.85714285714286
2024-06-04,44.0,28.9,0.0,23.8,17,938.1,51,0,1,6,63.0,75.0,70.71428571428571
2024-06-05,43.4,29.4,0.0,16.5,14,937.6,62,0,2,6,51.0,77.0,67.28571428571429
2024-06-06,45.0,28.5,0.0,26.5,17,937.5,56,0,3,6,62.0,63.0,65.14285714285714
2024-06-07,46.0,30.8,0.0,31.5,14,935.6,77,1,4,6,56.0,87.0,64.14285714285714
2024-06-08,44.4,29.2,0.0,23.6,15,934.0,81,1,5,6,77.0,70.0,62.714285714285715
2024-06-09,43.0,28.1,0.0,18.6,22,935.3,50,0,6,6,81.0,60.0,64.28571428571429
2024-06-10,44.0,28.9,0.0,18.0,17,936.4,51,0,0,6,50.0,63.0,62.857142857142854
2024-06-11,45.0,29.2,0.0,17.4,18,936.8,60,0,1,6,51.0,51.0,61.142857142857146
2024-06-12,43.7,29.5,0.0,17.3,17,937.3,61,0,2,6,60.0,62.0,62.42857142857143
2024-06-13,43.1,29.7,0.0,22.4,22,937.2,55,0,3,6,61.0,56.0,62.285714285714285
2024-06-14,42.7,29.9,0.0,29.8,17,935.3,88,1,4,6,55.0,77.0,62.142857142857146
2024-06-15,42.8,30.5,0.0,27.8,16,933.5,76,1,5,6,88.0,81.0,63.714285714285715
2024-06-16,43.5,28.5,0.0,21.6,18,935.1,59,0,6,6,76.0,50.0,63.0
2024-06-17,43.2,28.0,0.0,21.7,15,936.5,53,0,0,6,59.0,51.0,64.28571428571429
2024-06-18,43.8,27.5,0.0,24.4,20,936.7,56,0,1,6,53.0,60.0,64.57142857142857
2024-06-19,45.3,29.3,0.0,20.2,15,935.7,60,0,2,6,56.0,61.0,64.0
2024-06-20,44.7,30.5,0.0,40.8,14,934.8,45,0,3,6,60.0,55.0,63.857142857142854
2024-06-21,45.5,31.0,0.0,36.9,10,933.3,73,1,4,6,45.0,88.0,62.42857142857143
2024-06-22,45.5,30.9,0.0,32.2,14,932.2,80,1,5,6,73.0,76.0,60.285714285714285
2024-06-23,45.5,30.2,0.0,27.1,15,932.6,57,0,6,6,80.0,59.0,60.857142857142854
2024-06-24,44.9,30.5,0.0,18.9,13,933.0,64,0,0,6,57.0,53.0,60.57142857142857
2024-06-25,44.7,30.3,0.0,15.4,14,932.6,54,0,1,6,64.0,56.0,62.142857142857146
2024-06-26,43.3,30.4,0.0,25.4,17,932.1,62,0,2,6,54.0,60.0,61.857142857142854
2024-06-27,43.6,30.4,0.0,22.7,22,932.2,67,0,3,6,62.0,45.0,62.142857142857146
2024-06-28,43.2,30.2,0.0,26.5,14,932.4,72,1,4,6,67.0,73.0,65.28571428571429
2024-06-29,43.3,28.9,0.0,26.0,17,931.5,81,1,5,6,72.0,80.0,65.14285714285714
2024-06-30,43.8,28.4,0.0,24.8,13,932.5,62,0,6,6,81.0,57.0,65.28571428571429
2024-07-01,44.3,29.4,0.0,20.9,14,932.0,58,0,0,7,62.0,64.0,66.0
2024-07-02,43.5,30.6,0.0,26.8,13,931.1,61,0,1,7,58.0,54.0,65.14285714285714
2024-07-03,42.1,29.1,0.0,21.3,18,931.9,56,0,2,7,61.0,62.0,66.14285714285714
2024-07-04,41.7,29.8,0.0,22.4,16,934.6,80,0,3,7,56.0,67.0,65.28571428571429
2024-07-05,42.0,29.1,0.0,31.1,13,933.7,94,1,4,7,80.0,72.0,67.14285714285714
2024-07-06,42.3,31.6,0.0,32.5,13,931.7,80,1,5,7,94.0,81.0,70.28571428571429
2024-07-07,42.8,30.1,0.0,29.7,13,932.6,61,0,6,7,80.0,62.0,70.14285714285714
2024-07-08,43.0,28.4,0.0,21.7,15,933.1,61,0,0,7,61.0,58.0,70.0
2024-07-09,44.0,29.9,0.0,24.2,18,934.3,57,0,1,7,61.0,61.0,70.42857142857143
2024-07-10,45.2,30.1,0.0,26.3,23,936.0,57,0,2,7,57.0,56.0,69.85714285714286
2024-07-11,45.2,32.7,0.0,19.5,19,936.0,57,0,3,7,57.0,80.0,70.0
2024-07-12,47.6,31.9,0.0,31.6,18,933.0,76,1,4,7,57.0,94.0,66.71428571428571
2024-07-13,45.5,33.3,0.0,24.3,14,932.2,82,1,5,7,76.0,80.0,64.14285714285714
2024-07-14,43.7,32.1,0.0,31.4,18,932.8,51,0,6,7,82.0,61.0,64.42857142857143
2024-07-15,42.5,29.8,0.0,19.6,18,933.2,70,0,0,7,51.0,61.0,63.0
2024-07-16,43.1,29.9,0.0,25.9,21,933.7,64,0,1,7,70.0,57.0,64.28571428571429
2024-07-17,43.5,29.5,0.0,22.3,19,934.3,58,0,2,7,64.0,57.0,65.28571428571429
2024-07-18,43.8,31.0,0.0,22.8,23,933.9,66,0,3,7,58.0,57.0,65.42857142857143
2024-07-19,44.7,30.7,0.0,26.3,17,931.8,82,1,4,7,66.0,76.0,66.71428571428571
2024-07-20,45.3,31.1,0.0,22.0,17,931.9,74,1,5,7,82.0,82.0,67.57142857142857
2024-07-21,46.0,31.4,0.0,26.1,17,932.8,54,0,6,7,74.0,51.0,66.42857142857143
2024-07-22,44.5,30.9,0.0,20.9,18,933.1,50,0,0,7,54.0,70.0,66.85714285714286
2024-07-23,43.5,30.6,0.0,22.6,16,933.6,58,0,1,7,50.0,64.0,64.0
2024-07-24,43.6,31.4,0.0,33.4,17,931.5,50,0,2,7,58.0,58.0,63.142857142857146
2024-07-25,42.5,31.4,0.0,26.9,19,930.2,68,0,3,7,50.0,66.0,62.0
2024-07-26,42.3,30.9,0.0,25.3,16,931.3,86,1,4,7,68.0,82.0,62.285714285714285
2024-07-27,44.0,30.5,0.0,30.4,22,933.4,73,1,5,7,86.0,74.0,62.857142857142854
2024-07-28,42.7,30.6,0.0,30.4,16,934.0,54,0,6,7,73.0,54.0,62.714285714285715
2024-07-29,42.2,30.7,0.0,30.5,18,931.3,38,0,0,7,54.0,50.0,62.714285714285715
2024-07-30,43.1,30.5,0.0,24.2,18,931.3,61,0,1,7,38.0,58.0,61.0
2024-07-31,43.8,30.5,0.0,30.6,19,933.1,53,0,2,7,61.0,50.0,61.42857142857143
2024-08-01,44.0,30.8,0.0,30.5,16,933.9,42,0,3,8,53.0,68.0,61.857142857142854
2024-08-02,43.3,30.5,0.0,30.3,17,933.0,80,1,4,8,42.0,86.0,58.142857142857146
2024-08-03,42.6,30.3,0.0,24.6,18,933.5,86,1,5,8,80.0,73.0,57.285714285714285
2024-08-04,42.2,30.6,0.0,21.4,20,934.2,57,0,6,8,86.0,54.0,59.142857142857146
2024-08-05,41.3,29.8,0.0,33.4,20,934.2,73,0,0,8,57.0,38.0,59.57142857142857
2024-08-06,41.7,29.0,0.0,29.6,13,933.7,91,0,1,8,73.0,61.0,64.57142857142857
2024-08-07,42.8,30.9,0.0,30.2,14,933.6,50,0,2,8,91.0,53.0,68.85714285714286
2024-08-08,43.9,30.1,0.0,26.0,15,934.3,61,0,3,8,50.0,42.0,68.42857142857143
2024-08-09,43.4,30.1,0.0,26.3,18,935.3,82,1,4,8,61.0,80.0,71.14285714285714
2024-08-10,43.7,29.0,0.0,23.7,17,935.4,80,1,5,8,82.0,86.0,71.42857142857143
2024-08-11,44.1,29.2,0.0,22.7,18,934.0,64,0,6,8,80.0,57.0,70.57142857142857
2024-08-12,43.7,29.5,0.0,24.7,19,933.2,55,0,0,8,64.0,73.0,71.57142857142857
2024-08-13,44.8,29.4,0.0,26.2,23,934.3,60,0,1,8,55.0,91.0,69.0
2024-08-14,44.2,29.8,0.0,21.1,29,935.4,57,0,2,8,60.0,50.0,64.57142857142857
2024-08-15,44.9,30.6,0.0,22.1,24,935.9,62,0,3,8,57.0,61.0,65.57142857142857
2024-08-16,45.7,30.9,0.0,26.4,21,933.3,86,1,4,8,62.0,82.0,65.71428571428571
2024-08-17,45.4,30.5,0.0,24.7,17,932.4,90,1,5,8,86.0,80.0,66.28571428571429
2024-08-18,45.8,31.5,0.0,20.7,17,933.9,57,0,6,8,90.0,64.0,67.71428571428571
2024-08-19,45.3,30.8,0.0,32.4,20,934.9,48,0,0,8,57.0,55.0,66.71428571428571
2024-08-20,44.7,32.3,0.0,27.7,32,934.3,55,0,1,8,48.0,60.0,65.71428571428571
2024-08-21,43.0,31.0,0.0,27.2,49,934.8,57,0,2,8,55.0,57.0,65.0
2024-08-22,43.0,30.8,0.0,25.2,51,936.1,61,0,3,8,57.0,62.0,65.0
2024-08-23,43.6,30.4,0.0,17.3,39,936.4,88,1,4,8,61.0,86.0,64.85714285714286
2024-08-24,44.2,30.8,0.0,23.7,24,935.1,80,1,5,8,88.0,90.0,65.14285714285714
2024-08-25,43.6,29.5,0.0,23.3,32,934.7,64,0,6,8,80.0,57.0,63.714285714285715
2024-08-26,44.2,31.7,0.0,22.5,23,935.5,66,0,0,8,64.0,48.0,64.71428571428571
2024-08-27,45.0,30.9,0.0,25.0,23,935.4,62,0,1,8,66.0,55.0,67.28571428571429
2024-08-28,43.7,31.9,0.0,32.1,23,936.1,59,0,2,8,62.0,57.0,68.28571428571429
2024-08-29,42.8,32.0,0.0,33.0,20,936.4,46,0,3,8,59.0,61.0,68.57142857142857
2024-08-30,42.0,29.3,0.0,34.7,19,936.4,88,1,4,8,46.0,88.0,66.42857142857143
2024-08-31,40.5,29.0,0.0,24.3,22,936.6,96,1,5,8,88.0,80.0,66.42857142857143
2024-09-01,40.5,27.2,0.0,19.3,22,937.6,87,0,6,9,96.0,64.0,68.71428571428571
2024-09-02,40.7,27.4,0.0,27.3,24,938.6,83,0,0,9,87.0,66.0,72.0
2024-09-03,40.3,28.2,0.0,27.2,26,938.2,79,0,1,9,83.0,62.0,74.42857142857143
2024-09-04,39.8,27.5,0.0,22.0,25,937.8,81,0,2,9,79.0,59.0,76.85714285714286
2024-09-05,40.2,27.5,0.0,20.2,23,936.7,74,0,3,9,81.0,46.0,80.0
2024-09-06,41.0,27.4,0.0,24.8,23,937.2,117,1,4,9,74.0,88.0,84.0
2024-09-07,42.3,27.7,0.0,25.1,21,937.8,85,1,5,9,117.0,96.0,88.14285714285714
2024-09-08,41.5,28.1,0.0,24.7,27,938.5,80,0,6,9,85.0,87.0,86.57142857142857
2024-09-09,41.2,28.9,0.0,15.5,26,938.5,83,0,0,9,80.0,83.0,85.57142857142857
2024-09-10,42.8,27.2,0.0,24.7,21,937.4,62,0,1,9,83.0,79.0,85.57142857142857
2024-09-11,43.3,28.5,0.0,27.1,20,936.9,61,0,2,9,62.0,81.0,83.14285714285714
2024-09-12,43.5,28.5,0.0,29.2,18,937.4,56,0,3,9,61.0,74.0,80.28571428571429
2024-09-13,41.5,28.8,0.0,17.3,19,937.2,107,1,4,9,56.0,117.0,77.71428571428571
2024-09-14,40.5,27.8,0.0,10.7,28,936.0,114,1,5,9,107.0,85.0,76.28571428571429
2024-09-15,41.1,27.6,0.0,16.6,25,935.7,86,0,6,9,114.0,80.0,80.42857142857143
2024-09-16,41.7,27.0,0.0,24.3,24,937.1,87,0,0,9,86.0,83.0,81.28571428571429
2024-09-17,40.2,27.0,0.0,19.9,25,939.4,77,0,1,9,87.0,62.0,81.85714285714286
2024-09-18,39.3,26.8,0.0,15.8,29,939.8,75,0,2,9,77.0,61.0,84.0
2024-09-19,38.0,26.1,0.0,23.2,31,939.9,79,0,3,9,75.0,56.0,86.0
2024-09-20,38.1,25.9,0.0,21.7,29,940.4,105,1,4,9,79.0,107.0,89.28571428571429
2024-09-21,40.5,26.4,0.0,24.1,28,939.8,110,1,5,9,105.0,114.0,89.0
2024-09-22,39.5,26.2,0.0,19.7,30,939.4,71,0,6,9,110.0,86.0,88.42857142857143
2024-09-23,38.5,25.4,0.0,17.4,35,939.6,87,0,0,9,71.0,87.0,86.28571428571429
2024-09-24,38.0,24.9,0.0,19.4,21,939.7,79,0,1,9,87.0,77.0,86.28571428571429
2024-09-25,39.2,25.9,0.0,18.0,21,939.4,77,0,2,9,79.0,75.0,86.57142857142857
2024-09-26,38.7,25.8,0.0,27.0,30,939.0,74,0,3,9,77.0,79.0,86.85714285714286
2024-09-27,38.3,24.9,0.0,22.1,30,938.4,96,1,4,9,74.0,105.0,86.14285714285714
2024-09-28,38.4,25.2,0.0,15.8,31,937.8,109,1,5,9,96.0,110.0,84.85714285714286
2024-09-29,38.9,25.9,0.0,21.6,27,937.8,80,0,6,9,109.0,71.0,84.71428571428571
2024-09-30,39.3,25.2,0.0,29.2,23,938.9,73,0,0,9,80.0,87.0,86.0
2024-10-01,40.0,27.3,0.0,27.0,24,938.9,73,0,1,10,73.0,79.0,84.0
2024-10-02,39.3,28.4,0.0,20.8,28,940.2,78,0,2,10,73.0,77.0,83.14285714285714
2024-10-03,39.0,26.8,0.0,19.9,33,941.3,88,0,3,10,78.0,74.0,83.28571428571429
2024-10-04,36.9,25.3,0.0,19.6,64,941.6,103,1,4,10,88.0,96.0,85.28571428571429
2024-10-05,36.0,24.4,0.0,15.3,32,940.8,97,1,5,10,103.0,109.0,86.28571428571429
2024-10-06,35.9,25.4,0.0,15.5,26,941.2,78,0,6,10,97.0,80.0,84.57142857142857
2024-10-07,36.2,24.5,0.0,17.1,28,942.9,78,0,0,10,78.0,73.0,84.28571428571429
2024-10-08,34.0,22.9,0.0,14.5,23,943.8,66,0,1,10,78.0,73.0,85.0
2024-10-09,34.8,21.4,0.0,14.7,23,942.5,79,0,2,10,66.0,78.0,84.0
2024-10-10,36.3,23.2,0.0,10.8,32,941.3,78,0,3,10,79.0,88.0,84.14285714285714
2024-10-11,36.9,23.6,0.0,17.2,31,940.7,108,1,4,10,78.0,103.0,82.71428571428571
2024-10-12,38.8,23.0,0.0,29.0,30,939.7,114,1,5,10,108.0,97.0,83.42857142857143
2024-10-13,37.9,22.7,0.0,17.5,35,940.3,85,0,6,10,114.0,78.0,85.85714285714286
2024-10-14,36.6,22.0,0.0,21.3,39,940.9,78,0,0,10,85.0,78.0,86.85714285714286
2024-10-15,35.8,22.0,0.0,16.6,33,942.1,74,0,1,10,78.0,66.0,86.85714285714286
2024-10-16,35.5,22.4,0.0,18.7,28,943.1,92,0,2,10,74.0,79.0,88.0
2024-10-17,35.0,21.7,0.0,16.0,27,942.2,80,0,3,10,92.0,78.0,89.85714285714286
2024-10-18,35.7,20.2,0.0,15.5,30,940.8,105,1,4,10,80.0,108.0,90.14285714285714
2024-10-19,36.0,22.1,0.0,17.2,37,942.3,104,1,5,10,105.0,114.0,89.71428571428571
2024-10-20,36.5,22.2,0.0,15.0,37,943.4,80,0,6,10,104.0,85.0,88.28571428571429
2024-10-21,35.1,22.9,0.0,20.6,41,943.8,79,0,0,10,80.0,78.0,87.57142857142857
2024-10-22,31.9,19.8,0.0,30.1,34,942.6,67,0,1,10,79.0,74.0,87.71428571428571
2024-10-23,36.1,22.9,0.0,28.9,49,941.9,77,0,2,10,67.0,92.0,86.71428571428571
2024-10-24,30.8,19.9,0.0,29.7,50,944.4,79,0,3,10,77.0,80.0,84.57142857142857
2024-10-25,27.8,17.0,0.0,24.1,43,946.4,112,1,4,10,79.0,105.0,84.42857142857143
2024-10-26,28.0,15.6,0.8,18.9,37,946.8,126,1,5,10,112.0,104.0,85.42857142857143
2024-10-27,29.3,17.3,0.0,20.3,59,946.7,90,0,6,10,126.0,80.0,88.57142857142857
2024-10-28,29.0,18.5,0.0,16.1,52,945.3,88,0,0,10,90.0,79.0,90.0
2024-10-29,29.1,18.7,0.0,13.8,34,944.6,97,0,1,10,88.0,67.0,91.28571428571429
2024-10-30,30.6,19.1,0.0,20.7,34,943.4,66,0,2,10,97.0,77.0,95.57142857142857
2024-10-31,29.5,20.7,0.5,24.4,48,943.8,110,0,3,10,66.0,79.0,94.0
2024-11-01,29.2,21.0,2.3,26.4,72,945.5,136,1,4,11,110.0,112.0,98.42857142857143
2024-11-02,30.6,19.5,0.0,23.1,71,946.9,94,1,5,11,136.0,126.0,101.85714285714286
2024-11-03,32.0,19.1,0.0,19.6,56,945.8,78,0,6,11,94.0,90.0,97.28571428571429
2024-11-04,32.8,20.5,0.0,21.2,41,943.8,78,0,0,11,78.0,88.0,95.57142857142857
2024-11-05,31.9,19.7,0.0,13.8,38,943.9,72,0,1,11,78.0,97.0,94.14285714285714
2024-11-06,30.8,18.1,0.0,21.1,75,947.3,76,0,2,11,72.0,66.0,90.57142857142857
2024-11-07,30.5,17.9,0.0,22.2,57,948.3,74,0,3,11,76.0,110.0,92.0
2024-11-08,29.0,17.6,0.0,17.4,47,947.5,123,1,4,11,74.0,136.0,86.85714285714286
2024-11-09,29.8,17.6,0.0,19.0,53,946.5,119,1,5,11,123.0,94.0,85.0
2024-11-10,30.8,18.4,0.0,19.9,47,947.2,86,0,6,11,119.0,78.0,88.57142857142857
2024-11-11,30.2,18.1,0.0,12.6,52,946.9,83,0,0,11,86.0,78.0,89.71428571428571
2024-11-12,30.9,19.0,0.0,16.1,45,946.1,74,0,1,11,83.0,72.0,90.42857142857143
2024-11-13,31.3,20.8,0.0,5.8,42,945.1,77,0,2,11,74.0,76.0,90.71428571428571
2024-11-14,28.5,18.5,0.0,9.1,57,945.2,92,0,3,11,77.0,74.0,90.85714285714286
2024-11-15,27.0,18.0,0.0,8.8,42,946.4,108,1,4,11,92.0,123.0,93.42857142857143
2024-11-16,28.9,18.4,0.0,10.2,39,946.0,118,1,5,11,108.0,119.0,91.28571428571429
2024-11-17,29.8,19.5,0.0,7.5,38,944.7,88,0,6,11,118.0,86.0,91.14285714285714
2024-11-18,30.8,20.5,0.0,7.9,41,943.9,78,0,0,11,88.0,83.0,91.42857142857143
2024-11-19,31.0,20.2,0.0,8.4,38,944.4,83,0,1,11,78.0,74.0,90.71428571428571
2024-11-20,30.6,20.8,0.0,10.3,34,944.9,82,0,2,11,83.0,77.0,92.0
2024-11-21,29.4,20.1,0.0,9.1,31,945.3,88,0,3,11,82.0,92.0,92.71428571428571
2024-11-22,28.5,19.8,0.0,8.9,45,946.4,120,1,4,11,88.0,108.0,92.14285714285714
2024-11-23,26.2,18.3,0.0,8.2,56,947.7,109,1,5,11,120.0,118.0,93.85714285714286
2024-11-24,28.0,19.0,0.0,10.6,35,945.2,93,0,6,11,109.0,88.0,92.57142857142857
2024-11-25,29.8,21.0,0.0,13.2,35,942.8,92,0,0,11,93.0,78.0,93.28571428571429
2024-11-26,31.7,21.4,0.1,13.4,39,943.4,93,0,1,11,92.0,83.0,95.28571428571429
2024-11-27,28.3,17.4,0.0,14.1,72,944.4,91,0,2,11,93.0,82.0,96.71428571428571
2024-11-28,16.5,10.8,6.8,13.5,76,948.4,98,0,3,11,91.0,88.0,98.0
2024-11-29,18.6,10.4,0.0,7.2,58,949.2,119,1,4,11,98.0,120.0,99.42857142857143
2024-11-30,21.4,12.2,0.0,7.8,45,948.4,114,1,5,11,119.0,109.0,99.28571428571429
2024-12-01,21.0,12.4,0.0,7.2,40,946.6,87,0,6,12,114.0,93.0,100.0
2024-12-02,21.1,12.6,0.0,8.3,41,945.8,95,0,0,12,87.0,92.0,99.14285714285714
2024-12-03,21.0,12.7,0.0,10.8,40,946.1,86,0,1,12,95.0,93.0,99.57142857142857
2024-12-04,25.2,14.4,0.0,11.3,47,946.0,82,0,2,12,86.0,91.0,98.57142857142857
2024-12-05,27.5,16.7,0.0,11.0,52,946.1,82,0,3,12,82.0,98.0,97.28571428571429
2024-12-06,27.4,18.8,0.0,9.6,44,948.1,118,1,4,12,82.0,119.0,95.0
2024-12-07,27.1,18.0,0.0,7.4,46,950.0,108,1,5,12,118.0,114.0,94.85714285714286
2024-12-08,27.7,17.5,0.0,9.4,52,949.8,98,0,6,12,108.0,87.0,94.0
2024-12-09,28.0,17.5,0.0,11.2,55,948.1,79,0,0,12,98.0,95.0,95.57142857142857
2024-12-10,21.4,13.8,0.0,11.6,42,949.1,98,0,1,12,79.0,86.0,93.28571428571429
2024-12-11,20.8,10.8,0.0,8.0,46,949.3,91,0,2,12,98.0,82.0,95.0
2024-12-12,22.5,10.1,0.0,7.7,46,947.0,89,0,3,12,91.0,82.0,96.28571428571429
2024-12-13,24.2,11.9,0.0,7.6,37,944.2,112,1,4,12,89.0,118.0,97.28571428571429
2024-12-14,20.1,12.6,0.0,11.9,38,945.6,116,1,5,12,112.0,108.0,96.42857142857143
2024-12-15,15.4,9.1,0.0,11.1,41,952.1,89,0,6,12,116.0,98.0,97.57142857142857
2024-12-16,16.0,5.5,0.0,8.2,26,952.3,95,0,0,12,89.0,79.0,96.28571428571429
2024-12-17,21.6,7.8,0.0,6.8,35,949.2,90,0,1,12,95.0,98.0,98.57142857142857
2024-12-18,21.0,10.8,0.0,8.5,38,948.2,90,0,2,12,90.0,91.0,97.42857142857143
2024-12-19,20.2,9.4,0.0,5.5,19,947.7,88,0,3,12,90.0,89.0,97.28571428571429
2024-12-20,22.6,10.2,0.0,10.2,27,944.6,114,1,4,12,88.0,112.0,97.14285714285714
2024-12-21,20.6,13.4,0.0,13.6,62,945.4,116,1,5,12,114.0,116.0,97.42857142857143
2024-12-22,17.0,8.9,0.0,11.4,63,947.3,81,0,6,12,116.0,89.0,97.42857142857143
2024-12-23,18.5,6.9,0.0,7.4,62,946.2,83,0,0,12,81.0,95.0,96.28571428571429
2024-12-24,21.3,11.1,0.0,8.9,59,945.2,93,0,1,12,83.0,90.0,94.57142857142857
2024-12-25,23.6,12.6,0.0,10.7,50,946.5,90,0,2,12,93.0,90.0,95.0
2024-12-26,22.6,14.4,0.0,12.5,56,948.5,89,0,3,12,90.0,88.0,95.0
2024-12-27,24.0,14.4,0.0,16.5,57,948.0,115,1,4,12,89.0,114.0,95.14285714285714
2024-12-28,26.9,15.7,0.0,12.0,44,947.3,116,1,5,12,115.0,116.0,95.28571428571429
2024-12-29,24.0,13.9,0.0,8.4,54,947.7,87,0,6,12,116.0,81.0,95.28571428571429
2024-12-30,27.1,16.5,0.0,10.2,49,945.3,86,0,0,12,87.0,83.0,96.14285714285714
2024-12-31,20.3,14.4,0.0,10.1,75,945.4,90,0,1,12,86.0,93.0,96.57142857142857
2025-01-01,17.5,9.7,0.0,12.3,48,948.8,85,0,2,1,90.0,90.0,96.14285714285714
2025-01-02,15.9,8.4,0.0,9.6,45,951.4,92,0,3,1,85.0,89.0,95.42857142857143
2025-01-03,15.1,6.9,0.0,10.3,52,952.0,106,1,4,1,92.0,115.0,95.85714285714286
2025-01-04,17.2,5.6,0.0,5.8,41,950.7,120,1,5,1,106.0,116.0,94.57142857142857
2025-01-05,19.0,7.5,0.0,9.7,37,948.5,92,0,6,1,120.0,87.0,95.14285714285714
2025-01-06,19.3,9.2,0.0,14.2,29,944.7,91,0,0,1,92.0,86.0,95.85714285714286
2025-01-07,20.8,11.9,1.5,12.0,39,945.7,109,0,1,1,91.0,90.0,96.57142857142857
2025-01-08,15.2,8.9,0.0,13.4,86,947.7,98,0,2,1,109.0,85.0,99.28571428571429
2025-01-09,15.6,8.4,0.0,11.6,91,947.8,95,0,3,1,98.0,92.0,101.14285714285714
2025-01-10,19.2,8.1,0.0,8.1,82,947.3,105,1,4,1,95.0,106.0,101.57142857142857
2025-01-11,21.3,12.1,0.0,10.7,50,946.0,108,1,5,1,105.0,120.0,101.42857142857143
2025-01-12,18.8,13.9,0.7,10.9,75,946.8,101,0,6,1,108.0,92.0,99.71428571428571
2025-01-13,17.5,9.4,0.0,10.3,80,950.3,90,0,0,1,101.0,91.0,101.0
2025-01-14,17.9,8.3,0.0,8.6,75,950.3,92,0,1,1,90.0,109.0,100.85714285714286
2025-01-15,20.8,7.7,0.0,7.1,69,950.2,86,0,2,1,92.0,98.0,98.42857142857143
2025-01-16,23.5,10.2,0.0,6.9,42,948.6,90,0,3,1,86.0,95.0,96.71428571428571
2025-01-17,21.1,14.0,0.0,12.2,41,946.9,111,1,4,1,90.0,105.0,96.0
2025-01-18,19.5,10.7,0.0,8.7,46,945.9,111,1,5,1,111.0,108.0,96.85714285714286
2025-01-19,19.5,10.6,0.0,8.6,48,945.0,82,0,6,1,111.0,101.0,97.28571428571429
2025-01-20,20.1,10.9,0.0,8.4,47,945.2,85,0,0,1,82.0,90.0,94.57142857142857
2025-01-21,21.1,10.4,0.0,11.7,44,947.2,83,0,1,1,85.0,92.0,93.85714285714286
2025-01-22,18.1,8.2,0.0,8.7,43,949.9,85,0,2,1,83.0,86.0,92.57142857142857
2025-01-23,18.9,9.4,0.0,8.8,36,948.7,95,0,3,1,85.0,90.0,92.42857142857143
2025-01-24,20.4,11.2,0.0,10.2,53,945.9,110,1,4,1,95.0,111.0,93.14285714285714
2025-01-25,22.5,12.6,0.3,9.6,64,945.5,143,1,5,1,110.0,111.0,93.0
2025-01-26,20.1,13.6,2.6,9.7,76,945.9,107,0,6,1,143.0,82.0,97.57142857142857
2025-01-27,20.1,11.9,0.4,7.8,87,945.2,105,0,0,1,107.0,85.0,101.14285714285714
2025-01-28,19.8,12.2,0.0,11.5,85,946.3,85,0,1,1,105.0,83.0,104.0
2025-01-29,19.4,11.2,0.0,8.9,53,948.1,93,0,2,1,85.0,85.0,104.28571428571429
2025-01-30,18.6,10.0,0.0,10.2,62,950.1,87,0,3,1,93.0,95.0,105.42857142857143
2025-01-31,18.0,9.1,0.0,9.2,57,948.8,115,1,4,1,87.0,110.0,104.28571428571429
2025-02-01,22.4,7.8,0.0,11.2,43,945.8,127,1,5,2,115.0,143.0,105.0
2025-02-02,19.0,10.9,0.0,10.4,37,947.6,89,0,6,2,127.0,107.0,102.71428571428571
2025-02-03,19.0,8.6,0.0,7.4,42,948.3,95,0,0,2,89.0,105.0,100.14285714285714
2025-02-04,23.6,10.1,0.0,10.7,27,946.2,86,0,1,2,95.0,85.0,98.71428571428571
2025-02-05,26.0,11.1,0.0,10.4,31,941.9,89,0,2,2,86.0,93.0,98.85714285714286
2025-02-06,28.9,18.1,0.0,21.8,43,938.2,98,0,3,2,89.0,87.0,98.28571428571429
2025-02-07,22.8,13.9,0.0,13.5,47,942.0,111,1,4,2,98.0,115.0,99.85714285714286
2025-02-08,20.6,9.3,0.0,9.2,44,943.3,124,1,5,2,111.0,127.0,99.28571428571429
2025-02-09,18.8,10.1,0.0,7.8,36,944.5,93,0,6,2,124.0,89.0,98.85714285714286
2025-02-10,21.0,10.6,0.0,13.6,39,944.3,87,0,0,2,93.0,95.0,99.42857142857143
2025-02-11,23.5,12.4,0.0,14.2,44,944.3,93,0,1,2,87.0,86.0,98.28571428571429
2025-02-12,26.6,16.2,0.0,13.0,40,943.4,94,0,2,2,93.0,89.0,99.28571428571429
2025-02-13,21.5,16.2,9.1,11.4,93,945.4,108,0,3,2,94.0,98.0,100.0
2025-02-14,23.0,15.5,2.4,11.2,95,946.5,122,1,4,2,108.0,111.0,101.42857142857143
2025-02-15,15.2,11.4,11.8,9.3,92,944.8,126,1,5,2,122.0,124.0,103.0
2025-02-16,19.5,10.9,1.8,12.4,99,942.3,103,0,6,2,126.0,93.0,103.28571428571429
2025-02-17,21.8,13.5,0.5,10.1,98,943.8,104,0,0,2,103.0,87.0,104.71428571428571
2025-02-18,17.9,12.9,1.2,8.5,92,946.7,108,0,1,2,104.0,93.0,107.14285714285714
2025-02-19,18.3,11.3,3.7,9.7,88,944.9,105,0,2,2,108.0,94.0,109.28571428571429
2025-02-20,24.6,11.9,1.0,14.7,80,940.4,98,0,3,2,105.0,108.0,110.85714285714286
2025-02-21,22.8,12.6,0.0,8.0,66,944.6,116,1,4,2,98.0,122.0,109.42857142857143
2025-02-22,28.7,13.9,0.0,13.5,56,943.2,118,1,5,2,116.0,126.0,108.57142857142857
2025-02-23,22.6,14.4,0.0,13.5,59,943.7,92,0,6,2,118.0,103.0,107.42857142857143
2025-02-24,20.9,11.2,0.2,11.1,65,944.9,110,0,0,2,92.0,104.0,105.85714285714286
2025-02-25,13.5,6.9,0.0,12.3,69,949.9,94,0,1,2,110.0,108.0,106.71428571428571
2025-02-26,17.0,6.6,0.0,8.9,25,948.6,92,0,2,2,94.0,105.0,104.71428571428571
2025-02-27,18.8,9.9,0.0,12.6,49,947.7,89,0,3,2,92.0,98.0,102.85714285714286
2025-02-28,18.2,8.4,0.0,8.9,51,946.8,106,1,4,2,89.0,116.0,101.57142857142857
2025-03-01,22.9,10.9,0.0,13.5,38,942.8,117,1,5,3,106.0,118.0,100.14285714285714
2025-03-02,20.9,10.5,0.0,10.3,42,946.7,91,0,6,3,117.0,92.0,100.0
2025-03-03,20.6,10.6,0.0,11.8,29,947.6,91,0,0,3,91.0,110.0,99.85714285714286
2025-03-04,22.4,11.9,2.2,17.7,47,942.5,98,0,1,3,91.0,94.0,97.14285714285714
2025-03-05,27.6,14.8,0.0,12.2,64,941.9,84,0,2,3,98.0,92.0,97.71428571428571
2025-03-06,27.5,18.5,0.9,16.7,65,941.8,110,0,3,3,84.0,89.0,96.57142857142857
2025-03-07,28.2,19.4,2.1,13.5,79,940.7,129,1,4,3,110.0,106.0,99.57142857142857
2025-03-08,26.8,18.5,3.0,12.8,91,938.7,133,1,5,3,129.0,117.0,102.85714285714286
2025-03-09,26.8,16.0,0.0,9.5,63,941.2,90,0,6,3,133.0,91.0,105.14285714285714
2025-03-10,26.1,17.1,0.1,13.9,60,943.3,105,0,0,3,90.0,91.0,105.0
2025-03-11,27.6,16.8,0.0,14.1,63,945.0,94,0,1,3,105.0,98.0,107.0
2025-03-12,25.8,15.7,0.0,12.7,63,946.5,87,0,2,3,94.0,84.0,106.42857142857143
2025-03-13,26.5,17.1,0.1,9.2,66,947.0,105,0,3,3,87.0,110.0,106.85714285714286
2025-03-14,28.0,16.9,0.0,11.1,54,946.5,112,1,4,3,105.0,129.0,106.14285714285714
2025-03-15,28.2,17.4,0.0,12.1,36,946.0,112,1,5,3,112.0,133.0,103.71428571428571
2025-03-16,24.6,16.7,1.1,9.0,53,946.8,103,0,6,3,112.0,90.0,100.71428571428571
2025-03-17,29.0,17.6,0.0,12.7,42,944.4,91,0,0,3,103.0,105.0,102.57142857142857
2025-03-18,31.8,19.3,0.0,8.5,35,943.6,77,0,1,3,91.0,94.0,100.57142857142857
2025-03-19,35.3,21.1,0.0,13.0,30,943.4,86,0,2,3,77.0,87.0,98.14285714285714
2025-03-20,33.7,25.5,0.4,18.9,43,943.5,90,0,3,3,86.0,105.0,98.0
2025-03-21,28.1,21.2,4.0,11.1,71,944.0,129,1,4,3,90.0,112.0,95.85714285714286
2025-03-22,28.3,19.4,6.6,9.7,80,942.5,127,1,5,3,129.0,112.0,98.28571428571429
2025-03-23,20.2,15.2,0.0,14.0,82,946.5,97,0,6,3,127.0,103.0,100.42857142857143
2025-03-24,21.8,12.7,0.0,15.3,48,950.6,90,0,0,3,97.0,91.0,99.57142857142857
2025-03-25,23.5,12.6,0.0,13.0,37,948.7,95,0,1,3,90.0,77.0,99.42857142857143
2025-03-26,25.0,14.1,0.0,9.8,25,945.2,82,0,2,3,95.0,86.0,102.0
2025-03-27,28.1,15.4,0.0,7.7,31,944.2,91,0,3,3,82.0,90.0,101.42857142857143
2025-03-28,30.6,18.0,0.0,8.3,24,943.4,109,1,4,3,91.0,129.0,101.57142857142857
2025-03-29,32.4,20.0,0.0,13.1,17,941.7,105,1,5,3,109.0,127.0,98.71428571428571
2025-03-30,33.0,22.0,0.0,15.2,15,941.6,85,0,6,3,105.0,97.0,95.57142857142857
2025-03-31,35.5,23.3,0.0,15.0,16,942.2,77,0,0,3,85.0,90.0,93.85714285714286
2025-04-01,36.2,24.0,0.0,13.4,21,942.8,87,0,1,4,77.0,95.0,92.0
2025-04-02,38.5,26.0,0.0,11.0,17,942.5,91,0,2,4,87.0,82.0,90.85714285714286
2025-04-03,38.3,27.9,0.0,13.8,18,941.5,78,0,3,4,91.0,91.0,92.14285714285714
2025-04-04,37.5,25.9,0.0,16.3,20,940.3,102,1,4,4,78.0,109.0,90.28571428571429
2025-04-05,38.0,27.3,0.0,18.0,25,940.2,112,1,5,4,102.0,105.0,89.28571428571429
2025-04-06,34.8,25.9,0.0,17.6,33,942.9,87,0,6,4,112.0,85.0,90.28571428571429
2025-04-07,35.2,24.4,0.0,12.7,34,944.8,77,0,0,4,87.0,77.0,90.57142857142857
2025-04-08,35.3,23.2,0.0,10.1,33,945.9,77,0,1,4,77.0,87.0,90.57142857142857
2025-04-09,38.4,25.5,0.0,9.8,30,943.7,78,0,2,4,77.0,91.0,89.14285714285714
2025-04-10,39.4,28.1,0.0,18.9,21,938.8,73,0,3,4,78.0,78.0,87.28571428571429
2025-04-11,36.6,26.3,0.0,10.7,26,936.4,100,1,4,4,73.0,102.0,86.57142857142857
2025-04-12,35.8,26.4,0.0,12.7,29,937.1,99,1,5,4,100.0,112.0,86.28571428571429
2025-04-13,31.8,20.8,0.0,13.3,39,940.9,76,0,6,4,99.0,87.0,84.42857142857143
2025-04-14,35.5,22.9,0.0,12.5,29,940.8,79,0,0,4,76.0,77.0,82.85714285714286
2025-04-15,30.6,19.8,0.0,13.0,25,944.1,81,0,1,4,79.0,77.0,83.14285714285714
2025-04-16,30.7,20.1,0.0,11.5,24,944.8,87,0,2,4,81.0,78.0,83.71428571428571
2025-04-17,29.9,18.5,0.0,11.8,32,943.9,85,0,3,4,87.0,73.0,85.0
2025-04-18,30.5,19.9,0.0,9.9,33,942.8,109,1,4,4,85.0,100.0,86.71428571428571
2025-04-19,31.9,22.0,0.0,8.9,25,942.5,103,1,5,4,109.0,99.0,88.0
2025-04-20,32.6,24.1,0.0,12.4,35,942.0,79,0,6,4,103.0,76.0,88.57142857142857
2025-04-21,35.8,24.5,0.0,13.6,37,942.3,83,0,0,4,79.0,79.0,89.0
2025-04-22,38.7,26.6,0.0,15.5,20,943.1,74,0,1,4,83.0,81.0,89.57142857142857
2025-04-23,37.9,26.2,0.0,12.7,12,944.6,81,0,2,4,74.0,87.0,88.57142857142857
2025-04-24,39.0,26.3,0.0,11.9,16,942.7,80,0,3,4,81.0,85.0,87.71428571428571
2025-04-25,39.7,28.3,0.0,9.6,14,941.0,107,1,4,4,80.0,109.0,87.0
2025-04-26,39.8,29.0,0.0,10.2,12,938.6,106,1,5,4,107.0,103.0,86.71428571428571
2025-04-27,40.5,29.9,0.0,13.4,11,938.1,92,0,6,4,106.0,79.0,87.14285714285714
2025-04-28,40.5,29.5,0.0,11.9,10,938.1,76,0,0,4,92.0,83.0,89.0
2025-04-29,39.7,29.5,0.0,11.1,12,937.1,77,0,1,4,76.0,74.0,88.0
2025-04-30,38.3,27.2,0.0,14.4,23,938.9,76,0,2,4,77.0,81.0,88.42857142857143
2025-05-01,38.3,27.8,0.0,12.1,21,940.3,77,0,3,5,76.0,80.0,87.71428571428571
2025-05-02,40.0,29.3,0.0,14.4,19,940.3,101,1,4,5,77.0,107.0,87.28571428571429
2025-05-03,40.7,30.8,0.0,13.4,14,939.2,110,1,5,5,101.0,106.0,86.42857142857143
2025-05-04,40.6,30.8,0.0,16.5,22,937.8,87,0,6,5,110.0,92.0,87.0
2025-05-05,38.5,30.3,0.0,9.9,26,939.1,77,0,0,5,87.0,76.0,86.28571428571429
2025-05-06,33.8,25.9,0.0,14.5,21,943.1,75,0,1,5,77.0,77.0,86.42857142857143
2025-05-07,34.9,23.9,0.0,13.5,20,943.6,82,0,2,5,75.0,76.0,86.14285714285714
2025-05-08,35.3,24.5,0.0,10.3,20,942.2,77,0,3,5,82.0,77.0,87.0
2025-05-09,37.7,26.3,0.0,11.2,17,942.2,108,1,4,5,77.0,101.0,87.0
2025-05-10,39.0,28.0,0.0,9.0,13,942.0,106,1,5,5,108.0,110.0,88.0
2025-05-11,40.2,29.0,0.0,13.3,15,940.1,72,0,6,5,106.0,87.0,87.42857142857143
2025-05-12,41.8,29.2,0.0,10.1,13,937.4,87,0,0,5,72.0,77.0,85.28571428571429
2025-05-13,42.2,31.0,0.0,11.5,12,936.4,68,0,1,5,87.0,75.0,86.71428571428571
2025-05-14,39.0,28.9,0.0,15.1,15,939.1,76,0,2,5,68.0,82.0,85.71428571428571
2025-05-15,40.2,28.9,0.0,12.8,19,940.1,78,0,3,5,76.0,77.0,84.85714285714286
2025-05-16,38.3,30.4,0.0,12.5,16,941.7,106,1,4,5,78.0,108.0,85.0
2025-05-17,36.0,26.0,0.0,15.3,15,943.0,106,1,5,5,106.0,106.0,84.71428571428571
2025-05-18,38.0,26.3,0.0,15.7,16,940.8,83,0,6,5,106.0,72.0,84.71428571428571
2025-05-19,41.0,27.7,0.0,10.3,15,938.4,90,0,0,5,83.0,87.0,86.28571428571429
2025-05-20,42.3,29.9,0.0,11.7,11,938.6,59,0,1,5,90.0,68.0,86.71428571428571
2025-05-21,43.3,31.4,0.0,14.8,14,938.9,56,0,2,5,59.0,76.0,85.42857142857143
2025-05-22,43.8,32.1,0.0,13.6,10,938.2,53,0,3,5,56.0,78.0,82.57142857142857
2025-05-23,44.1,32.2,0.0,16.3,9,935.4,81,1,4,5,53.0,106.0,79.0
2025-05-24,43.7,32.6,0.0,11.6,10,933.8,84,1,5,5,81.0,106.0,75.42857142857143
2025-05-25,42.7,30.6,0.0,11.1,12,935.4,68,0,6,5,84.0,83.0,72.28571428571429
2025-05-26,41.2,30.5,0.0,10.9,13,938.0,77,0,0,5,68.0,90.0,70.14285714285714
2025-05-27,42.1,30.5,0.0,11.6,13,937.5,61,0,1,5,77.0,59.0,68.28571428571429
2025-05-28,44.0,31.6,0.0,13.5,11,935.6,59,0,2,5,61.0,56.0,68.57142857142857
2025-05-29,43.8,32.0,0.0,14.8,10,935.3,65,0,3,5,59.0,53.0,69.0
2025-05-30,41.2,29.4,0.0,14.6,14,936.8,117,1,4,5,65.0,81.0,70.71428571428571
2025-05-31,39.8,28.9,0.0,10.6,14,939.7,102,1,5,5,117.0,84.0,75.85714285714286
2025-06-01,41.8,29.6,0.0,10.0,13,940.5,77,0,6,6,102.0,68.0,78.42857142857143
2025-06-02,42.5,30.4,0.0,15.0,13,938.8,65,0,0,6,77.0,77.0,79.71428571428571
2025-06-03,39.3,29.6,0.0,12.5,14,938.6,83,0,1,6,65.0,61.0,78.0
2025-06-04,38.5,28.9,0.0,11.3,17,938.2,89,0,2,6,83.0,59.0,81.14285714285714
2025-06-05,39.8,29.5,0.0,11.8,19,939.0,82,0,3,6,89.0,65.0,85.42857142857143
2025-06-06,38.8,28.3,0.0,12.5,16,940.6,103,1,4,6,82.0,117.0,87.85714285714286
2025-06-07,39.8,28.8,0.0,12.3,17,939.5,107,1,5,6,103.0,102.0,85.85714285714286
2025-06-08,40.8,29.8,0.0,11.3,12,939.1,85,0,6,6,107.0,77.0,86.57142857142857
2025-06-09,42.3,29.0,0.0,15.8,14,937.7,64,0,0,6,85.0,65.0,87.71428571428571
2025-06-10,44.3,31.9,0.0,15.2,12,935.6,62,0,1,6,64.0,83.0,87.57142857142857
2025-06-11,44.0,31.0,0.0,12.6,10,935.7,65,0,2,6,62.0,89.0,84.57142857142857
2025-06-12,43.8,31.4,0.0,10.6,11,936.8,65,0,3,6,65.0,82.0,81.14285714285714
2025-06-13,45.0,31.9,0.0,12.6,10,937.0,91,1,4,6,65.0,103.0,78.71428571428571
2025-06-14,44.2,32.3,0.0,14.5,13,936.9,88,1,5,6,91.0,107.0,77.0
2025-06-15,44.3,32.4,0.0,13.0,11,935.4,59,0,6,6,88.0,85.0,74.28571428571429
2025-06-16,45.5,32.5,0.0,15.6,9,933.8,60,0,0,6,59.0,64.0,70.57142857142857
2025-06-17,45.1,32.6,0.0,16.3,10,934.2,66,0,1,6,60.0,62.0,70.0
2025-06-18,42.5,32.0,0.0,13.0,14,936.3,55,0,2,6,66.0,65.0,70.57142857142857
2025-06-19,41.1,30.4,0.0,12.6,13,936.8,81,0,3,6,55.0,65.0,69.14285714285714
2025-06-20,40.8,29.9,0.0,18.0,11,936.6,103,1,4,6,81.0,91.0,71.42857142857143
2025-06-21,41.0,29.9,0.0,16.4,10,936.5,105,1,5,6,103.0,88.0,73.14285714285714
2025-06-22,41.0,29.8,0.0,14.1,9,936.0,86,0,6,6,105.0,59.0,75.57142857142857
2025-06-23,41.7,30.3,0.0,13.4,10,935.1,80,0,0,6,86.0,60.0,79.42857142857143
2025-06-24,43.1,31.2,0.0,7.5,11,934.0,60,0,1,6,80.0,66.0,82.28571428571429
2025-06-25,42.6,31.8,0.0,11.5,11,933.7,53,0,2,6,60.0,55.0,81.42857142857143
2025-06-26,42.1,31.2,0.0,12.2,13,934.5,63,0,3,6,53.0,81.0,81.14285714285714
2025-06-27,42.8,31.6,0.0,13.6,11,934.1,88,1,4,6,63.0,103.0,78.57142857142857
2025-06-28,43.7,31.6,0.0,8.5,11,932.6,95,1,5,6,88.0,105.0,76.42857142857143
2025-06-29,43.0,33.0,0.0,15.2,12,931.9,58,0,6,6,95.0,86.0,75.0
2025-06-30,41.7,32.5,0.0,17.8,9,932.3,81,0,0,6,58.0,80.0,71.0
2025-07-01,41.8,32.5,0.0,15.0,12,933.3,81,0,1,7,81.0,60.0,71.14285714285714
2025-07-02,41.0,31.0,0.0,11.1,15,934.7,87,0,2,7,81.0,53.0,74.14285714285714
2025-07-03,41.4,31.1,0.0,13.0,14,934.7,79,0,3,7,87.0,63.0,79.0
2025-07-04,41.0,32.0,0.0,12.0,18,934.9,106,1,4,7,79.0,88.0,81.28571428571429
2025-07-05,40.8,31.8,0.0,13.1,18,935.5,108,1,5,7,106.0,95.0,83.85714285714286
2025-07-06,38.8,29.9,0.0,17.5,13,935.1,80,0,6,7,108.0,58.0,85.71428571428571
2025-07-07,39.7,28.6,0.0,15.6,15,933.9,77,0,0,7,80.0,81.0,88.85714285714286
2025-07-08,40.8,29.4,0.0,14.9,15,933.5,80,0,1,7,77.0,81.0,88.28571428571429
2025-07-09,41.3,30.0,0.0,15.2,15,933.6,85,0,2,7,80.0,87.0,88.14285714285714
2025-07-10,42.5,30.0,0.0,17.6,12,933.2,54,0,3,7,85.0,79.0,87.85714285714286
2025-07-11,42.3,31.6,0.0,11.2,10,933.9,85,1,4,7,54.0,106.0,84.28571428571429
2025-07-12,43.0,31.4,0.0,12.5,12,935.3,81,1,5,7,85.0,108.0,81.28571428571429
2025-07-13,43.9,32.2,0.0,15.5,12,935.4,65,0,6,7,81.0,80.0,77.42857142857143
2025-07-14,44.9,33.0,0.0,15.1,16,934.3,52,0,0,7,65.0,77.0,75.28571428571429
2025-07-15,44.7,33.2,0.0,13.4,12,933.3,57,0,1,7,52.0,80.0,71.71428571428571
2025-07-16,44.6,33.1,0.0,15.1,11,934.2,61,0,2,7,57.0,85.0,68.42857142857143
2025-07-17,44.5,34.3,0.0,14.0,13,934.7,67,0,3,7,61.0,54.0,65.0
2025-07-18,43.7,33.3,0.0,13.7,12,935.5,84,1,4,7,67.0,85.0,66.85714285714286
2025-07-19,43.1,32.7,0.0,18.5,16,935.1,82,1,5,7,84.0,81.0,66.71428571428571
2025-07-20,42.5,31.7,0.0,19.1,14,933.6,69,0,6,7,82.0,65.0,66.85714285714286
2025-07-21,43.5,31.0,0.0,14.6,11,933.7,52,0,0,7,69.0,52.0,67.42857142857143
2025-07-22,44.0,32.4,0.0,14.1,12,934.7,49,0,1,7,52.0,57.0,67.42857142857143
2025-07-23,44.2,32.5,0.0,16.2,13,933.5,62,0,2,7,49.0,61.0,66.28571428571429
2025-07-24,43.4,32.8,0.0,15.2,14,931.0,57,0,3,7,62.0,67.0,66.42857142857143
2025-07-25,44.0,32.0,0.0,10.5,14,930.5,79,1,4,7,57.0,84.0,65.0
2025-07-26,44.4,32.6,0.0,11.9,14,931.8,88,1,5,7,79.0,82.0,64.28571428571429
2025-07-27,44.8,33.7,0.0,11.0,14,932.8,61,0,6,7,88.0,69.0,65.14285714285714
2025-07-28,45.5,33.5,0.0,11.7,13,932.7,57,0,0,7,61.0,52.0,64.0
2025-07-29,45.5,33.3,0.0,13.3,12,934.0,53,0,1,7,57.0,49.0,64.71428571428571
2025-07-30,46.2,33.2,0.0,16.7,12,934.9,64,0,2,7,53.0,62.0,65.28571428571429
2025-07-31,44.4,33.6,0.0,11.8,14,933.9,63,0,3,7,64.0,57.0,65.57142857142857
2025-08-01,44.0,32.8,0.0,10.5,15,933.6,84,1,4,8,63.0,79.0,66.42857142857143
2025-08-02,44.2,33.0,0.0,14.4,12,934.8,94,1,5,8,84.0,88.0,67.14285714285714
2025-08-03,44.0,33.2,0.0,12.3,16,935.8,54,0,6,8,94.0,61.0,68.0
2025-08-04,43.8,33.9,0.0,13.8,16,936.8,52,0,0,8,54.0,57.0,67.0
2025-08-05,43.8,33.2,0.0,14.8,17,935.8,56,0,1,8,52.0,53.0,66.28571428571429
2025-08-06,43.7,32.8,0.0,12.4,16,934.5,59,0,2,8,56.0,64.0,66.71428571428571
2025-08-07,43.8,32.5,0.0,12.4,18,933.7,61,0,3,8,59.0,63.0,66.0
2025-08-08,45.0,34.3,0.0,15.7,18,934.3,83,1,4,8,61.0,84.0,65.71428571428571
2025-08-09,44.5,36.8,0.0,17.4,15,936.4,86,1,5,8,83.0,94.0,65.57142857142857
2025-08-10,43.7,33.7,0.0,9.7,19,936.1,53,0,6,8,86.0,54.0,64.42857142857143
2025-08-11,45.2,34.5,0.0,12.2,17,934.8,67,0,0,8,53.0,52.0,64.28571428571429
2025-08-12,44.0,35.1,0.0,10.9,18,935.9,59,0,1,8,67.0,56.0,66.42857142857143
2025-08-13,44.2,34.2,0.0,16.2,23,936.4,65,0,2,8,59.0,59.0,66.85714285714286
2025-08-14,44.2,33.7,0.0,19.2,13,935.0,61,0,3,8,65.0,61.0,67.71428571428571
2025-08-15,43.2,31.6,0.0,12.8,8,932.8,87,1,4,8,61.0,83.0,67.71428571428571
2025-08-16,43.7,32.0,0.0,14.7,12,932.0,87,1,5,8,87.0,86.0,68.28571428571429
2025-08-17,42.8,32.0,0.0,13.7,11,933.5,62,0,6,8,87.0,53.0,68.42857142857143
2025-08-18,43.1,32.3,0.0,13.0,10,934.8,63,0,0,8,62.0,67.0,69.71428571428571
2025-08-19,42.1,32.2,0.0,12.7,13,935.0,66,0,1,8,63.0,59.0,69.14285714285714
2025-08-20,41.3,31.3,0.0,15.5,14,933.8,80,0,2,8,66.0,65.0,70.14285714285714
2025-08-21,42.3,31.2,0.0,16.8,17,934.3,63,0,3,8,80.0,61.0,72.28571428571429
2025-08-22,42.1,31.5,0.0,13.4,20,935.4,84,1,4,8,63.0,87.0,72.57142857142857
2025-08-23,42.4,30.5,0.0,12.4,19,934.4,92,1,5,8,84.0,87.0,72.14285714285714
2025-08-24,41.8,31.0,0.0,11.4,18,934.7,76,0,6,8,92.0,62.0,72.85714285714286
2025-08-25,42.4,31.0,0.0,14.0,17,935.1,69,0,0,8,76.0,63.0,74.85714285714286
2025-08-26,42.4,31.4,0.0,16.1,15,935.3,59,0,1,8,69.0,66.0,75.71428571428571
2025-08-27,40.9,32.1,0.0,14.5,14,935.5,72,0,2,8,59.0,80.0,74.71428571428571
2025-08-28,41.0,31.4,0.0,11.7,17,936.2,80,0,3,8,72.0,63.0,73.57142857142857
2025-08-29,42.0,31.0,0.0,14.3,20,937.0,101,1,4,8,80.0,84.0,76.0
2025-08-30,41.7,31.2,0.0,17.1,18,938.2,109,1,5,8,101.0,92.0,78.42857142857143
2025-08-31,42.0,31.1,0.0,18.1,18,937.4,76,0,6,8,109.0,76.0,80.85714285714286
2025-09-01,41.2,30.6,0.0,13.0,18,935.8,77,0,0,9,76.0,69.0,80.85714285714286
2025-09-02,41.0,30.8,0.0,12.4,22,934.3,70,0,1,9,77.0,59.0,82.0
2025-09-03,42.0,31.0,0.0,12.3,20,934.0,77,0,2,9,70.0,72.0,83.57142857142857
2025-09-04,41.4,29.4,0.0,14.1,18,935.7,67,0,3,9,77.0,80.0,84.28571428571429
2025-09-05,40.8,30.0,0.0,14.5,17,937.8,97,1,4,9,67.0,101.0,82.42857142857143
2025-09-06,39.9,30.2,0.0,14.0,38,938.9,108,1,5,9,97.0,109.0,81.85714285714286
2025-09-07,41.3,31.0,0.0,12.4,24,938.1,83,0,6,9,108.0,76.0,81.71428571428571
2025-09-08,41.8,29.6,0.0,13.3,20,937.0,82,0,0,9,83.0,77.0,82.71428571428571
2025-09-09,43.0,31.5,0.0,16.4,12,936.8,55,0,1,9,82.0,70.0,83.42857142857143
2025-09-10,42.0,31.1,0.0,15.3,14,937.8,79,0,2,9,55.0,77.0,81.28571428571429
2025-09-11,41.8,30.9,0.0,11.9,15,937.7,79,0,3,9,79.0,67.0,81.57142857142857
2025-09-12,42.3,31.0,0.0,13.5,17,938.7,79,1,4,9,79.0,97.0,83.28571428571429
2025-09-13,40.6,30.6,0.0,14.5,27,940.0,112,1,5,9,79.0,108.0,80.71428571428571
2025-09-14,38.8,29.3,0.0,16.6,18,940.3,84,0,6,9,112.0,83.0,81.28571428571429
2025-09-15,39.3,27.4,0.0,15.4,17,940.3,78,0,0,9,84.0,82.0,81.42857142857143
2025-09-16,39.3,27.4,0.0,12.3,17,939.8,80,0,1,9,78.0,55.0,80.85714285714286
2025-09-17,40.5,27.5,0.0,15.9,14,939.5,81,0,2,9,80.0,79.0,84.42857142857143
2025-09-18,41.4,27.9,0.0,12.0,17,939.7,69,0,3,9,81.0,79.0,84.71428571428571
2025-09-19,42.8,32.2,0.0,11.7,14,939.2,83,1,4,9,69.0,79.0,83.28571428571429
2025-09-20,42.8,30.5,0.0,17.5,15,938.2,81,1,5,9,83.0,112.0,83.85714285714286
2025-09-21,42.5,30.4,0.0,14.3,25,938.3,54,0,6,9,81.0,84.0,79.42857142857143
2025-09-22,40.0,30.0,0.0,12.3,37,940.9,78,0,0,9,54.0,78.0,75.14285714285714
2025-09-23,38.8,28.6,0.0,10.7,29,942.9,88,0,1,9,78.0,80.0,75.14285714285714
2025-09-24,37.3,27.9,0.0,9.3,22,941.9,83,0,2,9,88.0,81.0,76.28571428571429
2025-09-25,39.5,27.4,0.0,10.5,16,938.9,77,0,3,9,83.0,69.0,76.57142857142857
2025-09-26,41.5,29.1,0.0,14.5,12,938.6,107,1,4,9,77.0,83.0,77.71428571428571
2025-09-27,40.5,29.3,0.0,12.3,14,940.5,111,1,5,9,107.0,81.0,81.14285714285714
2025-09-28,40.0,30.1,0.0,11.0,21,942.4,84,0,6,9,111.0,54.0,85.42857142857143
2025-09-29,38.7,28.5,0.0,9.8,24,942.4,80,0,0,9,84.0,78.0,89.71428571428571
2025-09-30,39.2,27.8,0.0,10.6,19,939.3,76,0,1,9,80.0,88.0,90.0
2025-10-01,38.4,27.9,0.0,10.7,21,937.9,83,0,2,10,76.0,83.0,88.28571428571429
2025-10-02,35.5,26.0,0.0,9.6,22,939.8,81,0,3,10,83.0,77.0,88.28571428571429
2025-10-03,35.0,25.7,0.0,9.7,27,942.5,109,1,4,10,81.0,107.0,88.85714285714286
2025-10-04,34.7,24.1,0.0,13.3,23,944.1,108,1,5,10,109.0,111.0,89.14285714285714
2025-10-05,34.7,24.0,0.0,15.4,23,942.1,85,0,6,10,108.0,84.0,88.71428571428571
2025-10-06,34.8,23.4,0.0,9.9,17,941.0,77,0,0,10,85.0,80.0,88.85714285714286
2025-10-07,35.2,22.5,0.0,8.5,17,941.4,86,0,1,10,77.0,76.0,88.42857142857143
2025-10-08,35.0,23.1,0.0,8.7,19,941.8,80,0,2,10,86.0,83.0,89.85714285714286
2025-10-09,35.8,22.7,0.0,13.2,20,943.8,90,0,3,10,80.0,81.0,89.42857142857143
2025-10-10,36.3,24.2,0.0,11.1,19,944.3,101,1,4,10,90.0,109.0,90.71428571428571
2025-10-11,34.5,24.8,0.0,8.8,24,944.2,113,1,5,10,101.0,108.0,89.57142857142857
2025-10-12,34.2,24.3,0.0,7.9,28,943.7,80,0,6,10,113.0,85.0,90.28571428571429
2025-10-13,35.7,24.1,0.0,13.2,28,943.5,76,0,0,10,80.0,77.0,89.57142857142857
2025-10-14,33.8,24.1,0.0,13.5,35,943.9,77,0,1,10,76.0,86.0,89.42857142857143
2025-10-15,33.4,22.9,0.0,11.4,46,943.5,78,0,2,10,77.0,80.0,88.14285714285714
2025-10-16,32.8,22.5,0.0,10.1,25,943.5,82,0,3,10,78.0,90.0,87.85714285714286
2025-10-17,33.2,22.0,0.0,7.6,21,945.1,107,1,4,10,82.0,101.0,86.71428571428571
2025-10-18,33.7,23.6,0.0,13.4,21,945.7,102,1,5,10,107.0,113.0,87.57142857142857
2025-10-19,34.2,23.5,0.0,17.0,23,943.9,79,0,6,10,102.0,80.0,86.0
2025-10-20,33.5,23.0,0.0,10.3,25,943.3,90,0,0,10,79.0,76.0,85.85714285714286
2025-10-21,33.2,23.0,0.0,9.0,23,945.1,88,0,1,10,90.0,77.0,87.85714285714286
2025-10-22,32.7,22.2,0.0,11.9,28,947.0,82,0,2,10,88.0,78.0,89.42857142857143
2025-10-23,32.2,21.1,0.0,14.3,28,946.4,80,0,3,10,82.0,82.0,90.0
2025-10-24,32.6,20.8,0.0,12.7,25,945.2,105,1,4,10,80.0,107.0,89.71428571428571
2025-10-25,33.3,21.1,0.0,10.4,23,943.9,108,1,5,10,105.0,102.0,89.42857142857143
2025-10-26,33.4,22.0,0.0,9.0,20,943.9,74,0,6,10,108.0,79.0,90.28571428571429
2025-10-27,33.0,20.6,0.0,9.9,20,945.1,78,0,0,10,74.0,90.0,89.57142857142857
2025-10-28,32.4,21.0,0.0,9.4,31,945.4,71,0,1,10,78.0,88.0,87.85714285714286
2025-10-29,32.2,20.5,0.0,10.2,34,944.4,81,0,2,10,71.0,82.0,85.42857142857143
2025-10-30,32.3,20.1,0.0,13.9,24,943.4,83,0,3,10,81.0,80.0,85.28571428571429
2025-10-31,30.6,20.1,0.0,13.0,26,944.7,102,1,4,10,83.0,105.0,85.71428571428571
2025-11-01,30.5,19.1,0.0,12.7,33,945.9,112,1,5,11,102.0,108.0,85.28571428571429
2025-11-02,30.2,19.5,0.0,10.3,26,947.2,73,0,6,11,112.0,74.0,85.85714285714286
2025-11-03,29.8,19.0,0.0,11.9,12,947.8,82,0,0,11,73.0,78.0,85.71428571428571
2025-11-04,29.4,17.2,0.0,10.9,18,947.0,91,0,1,11,82.0,71.0,86.28571428571429
2025-11-05,29.0,15.9,0.0,7.5,20,946.2,95,0,2,11,91.0,81.0,89.14285714285714
2025-11-06,29.1,15.6,0.0,5.9,19,945.6,98,0,3,11,95.0,83.0,91.14285714285714
2025-11-07,29.5,15.9,0.0,5.8,23,946.0,112,1,4,11,98.0,102.0,93.28571428571429
2025-11-08,29.7,16.1,0.0,8.2,24,947.5,120,1,5,11,112.0,112.0,94.71428571428571
2025-11-09,28.8,16.5,0.0,7.9,21,947.6,89,0,6,11,120.0,73.0,95.85714285714286
2025-11-10,27.5,16.9,0.0,8.0,25,946.6,89,0,0,11,89.0,82.0,98.14285714285714
2025-11-11,27.1,15.6,0.0,7.0,29,945.8,94,0,1,11,89.0,91.0,99.14285714285714
2025-11-12,27.5,17.0,0.0,7.5,25,946.9,93,0,2,11,94.0,95.0,99.57142857142857
2025-11-13,27.3,16.2,0.0,7.8,42,948.2,82,0,3,11,93.0,98.0,99.28571428571429
2025-11-14,28.0,16.8,0.0,10.8,26,946.4,122,1,4,11,82.0,112.0,97.0
2025-11-15,28.8,18.9,0.0,11.3,28,945.1,121,1,5,11,122.0,120.0,98.42857142857143
2025-11-16,28.1,19.6,0.0,13.8,31,948.0,86,0,6,11,121.0,89.0,98.57142857142857
2025-11-17,28.3,19.9,0.0,9.2,30,950.1,91,0,0,11,86.0,89.0,98.14285714285714
2025-11-18,27.5,19.5,0.0,10.3,39,949.9,92,0,1,11,91.0,94.0,98.42857142857143
2025-11-19,27.3,17.4,0.0,9.3,38,949.5,91,0,2,11,92.0,93.0,98.14285714285714
2025-11-20,28.1,17.5,0.0,9.0,39,950.8,87,0,3,11,91.0,82.0,97.85714285714286
2025-11-21,27.5,17.5,0.0,9.2,30,951.4,111,1,4,11,87.0,122.0,98.57142857142857
2025-11-22,25.5,16.0,0.0,12.2,39,950.6,114,1,5,11,111.0,121.0,97.0
2025-11-23,24.4,13.6,0.0,7.4,24,949.2,95,0,6,11,114.0,86.0,96.0
2025-11-24,26.0,13.5,0.0,6.1,30,948.4,92,0,0,11,95.0,91.0,97.28571428571429
2025-11-25,24.8,14.3,0.0,7.6,31,948.0,88,0,1,11,92.0,92.0,97.42857142857143
2025-11-26,25.3,15.4,0.0,7.2,44,947.0,93,0,2,11,88.0,91.0,96.85714285714286
2025-11-27,26.9,15.1,0.0,9.1,46,947.5,75,0,3,11,93.0,87.0,97.14285714285714
2025-11-28,26.9,15.7,0.0,7.6,38,948.9,120,1,4,11,75.0,111.0,95.42857142857143
2025-11-29,27.1,15.3,0.0,7.0,36,948.1,106,1,5,11,120.0,114.0,96.71428571428571
2025-11-30,27.4,15.2,0.0,5.8,39,947.5,88,0,6,11,106.0,95.0,95.57142857142857
2025-12-01,27.5,15.6,0.0,7.3,37,947.0,84,0,0,12,88.0,92.0,94.57142857142857
2025-12-02,26.8,17.2,0.0,6.8,36,946.2,83,0,1,12,84.0,88.0,93.42857142857143
2025-12-03,25.5,15.6,0.0,7.0,46,945.7,95,0,2,12,83.0,93.0,92.71428571428571
2025-12-04,23.5,15.6,0.1,8.4,57,947.5,102,0,3,12,95.0,75.0,93.0
2025-12-05,24.3,16.0,0.0,7.3,51,947.9,116,1,4,12,102.0,120.0,96.85714285714286
2025-12-06,24.5,15.9,0.0,9.2,57,948.4,114,1,5,12,116.0,106.0,96.28571428571429
2025-12-07,24.5,16.1,0.0,10.7,40,948.0,92,0,6,12,114.0,88.0,97.42857142857143
2025-12-08,24.5,16.5,0.0,10.3,54,947.5,90,0,0,12,92.0,84.0,98.0
2025-12-09,25.6,17.0,0.0,15.8,52,945.4,83,0,1,12,90.0,83.0,98.85714285714286
2025-12-10,25.9,18.0,0.0,13.2,51,944.3,94,0,2,12,83.0,95.0,98.85714285714286
2025-12-11,26.7,18.5,0.0,11.5,72,943.5,87,0,3,12,94.0,102.0,98.71428571428571
2025-12-12,24.4,15.7,0.2,7.3,87,943.6,122,1,4,12,87.0,116.0,96.57142857142857
2025-12-13,22.2,15.2,0.9,11.3,89,943.9,127,1,5,12,122.0,114.0,97.42857142857143
2025-12-14,21.0,14.1,0.6,13.2,77,945.0,112,0,6,12,127.0,92.0,99.28571428571429
2025-12-15,17.8,11.9,6.4,13.7,93,942.5,109,0,0,12,112.0,90.0,102.14285714285714
2025-12-16,16.6,10.9,0.9,7.2,97,940.4,103,0,1,12,109.0,83.0,104.85714285714286
2025-12-17,18.8,11.2,0.1,7.2,95,941.5,103,0,2,12,103.0,94.0,107.71428571428571
2025-12-18,12.8,6.9,7.0,18.7,88,945.1,103,0,3,12,103.0,87.0,109.0
2025-12-19,13.8,6.8,0.0,22.4,85,945.4,125,1,4,12,103.0,122.0,111.28571428571429
2025-12-20,15.9,6.8,0.0,11.4,76,945.6,116,1,5,12,125.0,127.0,111.71428571428571
2025-12-21,16.9,6.1,0.0,6.1,83,947.6,92,0,6,12,116.0,112.0,110.14285714285714
2025-12-22,17.5,8.6,0.0,11.4,77,948.1,95,0,0,12,92.0,109.0,107.28571428571429
2025-12-23,18.8,10.1,0.0,11.1,76,946.9,91,0,1,12,95.0,103.0,105.28571428571429
2025-12-24,23.0,10.5,0.0,8.0,50,945.5,88,0,2,12,91.0,103.0,103.57142857142857
2025-12-25,21.0,11.4,0.0,9.3,71,946.3,89,0,3,12,88.0,103.0,101.42857142857143
2025-12-26,20.9,12.9,0.0,10.3,65,943.7,114,1,4,12,89.0,125.0,99.42857142857143
2025-12-27,24.4,13.9,0.0,11.3,61,940.9,114,1,5,12,114.0,116.0,97.85714285714286
2025-12-28,25.3,16.5,0.0,14.9,47,939.1,93,0,6,12,114.0,92.0,97.57142857142857
2025-12-29,22.0,11.9,0.0,7.9,60,943.0,90,0,0,12,93.0,95.0,97.71428571428571
2025-12-30,20.9,13.2,0.0,10.5,51,947.0,93,0,1,12,90.0,91.0,97.0
2025-12-31,18.7,9.2,0.0,9.9,65,948.3,89,0,2,12,93.0,88.0,97.28571428571429
